8,1,3600,train,4.581998348236084,0.012222222052514553,0.09624907727050785,False
9,1,3600,train,4.595789432525635,0.014444444328546524,0.09492513317871099,False
7,1,3700,train,4.583447456359863,0.011891892179846764,0.09877968408203129,False
0,1,3800,train,4.581393718719482,0.014210525900125504,0.10165751735432947,False
1,1,3800,train,4.580792427062988,0.012894736602902412,0.10171844824218754,False
2,1,3800,train,4.599056243896484,0.013421053066849709,0.09986771480305993,False
3,1,3800,train,4.580005645751953,0.013421053066849709,0.1017981754150391,False
4,1,3800,train,4.581436634063721,0.015789473429322243,0.10165316859944665,False
5,1,3800,train,4.582394123077393,0.015789473429322243,0.10155614304606124,False
6,1,3800,train,4.580037593841553,0.013421053066849709,0.10179493800862634,False
8,1,1000,test,4.5827789306640625,0.014999999664723873,0.09624907727050785,False
9,1,1000,test,4.582417011260986,0.01600000075995922,0.09492513317871099,False
7,1,1000,test,4.585234642028809,0.014999999664723873,0.09877968408203129,False
0,1,1000,test,4.583620548248291,0.009999999776482582,0.10165751735432947,False
1,1,1000,test,4.5841593742370605,0.013000000268220901,0.10171844824218754,False
2,1,1000,test,4.584996700286865,0.00800000037997961,0.09986771480305993,False
3,1,1000,test,4.583734512329102,0.017000000923871994,0.1017981754150391,False
4,1,1000,test,4.581874370574951,0.009999999776482582,0.10165316859944665,False
5,1,1000,test,4.586528778076172,0.017000000923871994,0.10155614304606124,False
6,1,1000,test,4.577155113220215,0.019999999552965164,0.10179493800862634,False
8,2,3600,train,4.508242130279541,0.019999999552965164,0.09755795739746091,False
9,2,3600,train,4.606902122497559,0.008888889104127884,0.08808659814453122,False
7,2,3700,train,4.502614974975586,0.02405405417084694,0.10082311331515839,False
0,2,3800,train,4.506460666656494,0.021315788850188255,0.1031583655666775,False
1,2,3800,train,4.50460958480835,0.025263158604502678,0.1033459418606228,False
2,2,3800,train,4.6087164878845215,0.007105262950062752,0.09279644234890405,False
3,2,3800,train,4.497256755828857,0.02631578966975212,0.10409102853054468,False
4,2,3800,train,4.509920120239258,0.025263158604502678,0.10280780760362411,False
5,2,3800,train,4.503726482391357,0.027105262503027916,0.10343542957221134,False
6,2,3800,train,4.499168395996094,0.023947369307279587,0.10389731566026474,False
8,2,1000,test,4.4999518394470215,0.02500000037252903,0.09755795739746091,False
9,2,1000,test,4.504326820373535,0.02199999988079071,0.08808659814453122,False
7,2,1000,test,4.52126932144165,0.017999999225139618,0.10082311331515839,False
0,2,1000,test,4.505003929138184,0.02199999988079071,0.1031583655666775,False
1,2,1000,test,4.5097479820251465,0.019999999552965164,0.1033459418606228,False
2,2,1000,test,4.514657974243164,0.02199999988079071,0.09279644234890405,False
3,2,1000,test,4.497045993804932,0.028999999165534973,0.10409102853054468,False
4,2,1000,test,4.512615203857422,0.024000000208616257,0.10280780760362411,False
5,2,1000,test,4.511734485626221,0.014999999664723873,0.10343542957221134,False
6,2,1000,test,4.502222537994385,0.028999999165534973,0.10389731566026474,False
8,3,3600,train,4.442105770111084,0.03166666626930237,0.0986246802978516,False
9,3,3600,train,4.636138916015625,0.009166666306555271,0.07999749829101566,False
7,3,3700,train,4.43178653717041,0.033243242651224136,0.10238241906738285,False
0,3,3800,train,4.436112403869629,0.030263157561421394,0.10471115698242191,False
1,3,3800,train,4.432960033416748,0.034736841917037964,0.10503059718831384,False
2,3,3800,train,4.5969109535217285,0.008684210479259491,0.08841690395100915,False
3,3,3800,train,4.424849510192871,0.03815789520740509,0.1058524635416667,False
4,3,3800,train,4.438480377197266,0.03236842155456543,0.10447120235188806,False
5,3,3800,train,4.434447288513184,0.03842105343937874,0.10487988867187503,False
6,3,3800,train,4.427013397216797,0.03421052545309067,0.10563318965657556,False
8,3,1000,test,4.432766437530518,0.03799999877810478,0.0986246802978516,False
9,3,1000,test,4.441226959228516,0.032999999821186066,0.07999749829101566,False
7,3,1000,test,4.447941303253174,0.03700000047683716,0.10238241906738285,False
0,3,1000,test,4.438004016876221,0.032999999821186066,0.10471115698242191,False
1,3,1000,test,4.443614482879639,0.029999999329447746,0.10503059718831384,False
2,3,1000,test,4.4593586921691895,0.026000000536441803,0.08841690395100915,False
3,3,1000,test,4.423704624176025,0.04500000178813934,0.1058524635416667,False
4,3,1000,test,4.442461013793945,0.032999999821186066,0.10447120235188806,False
5,3,1000,test,4.435612201690674,0.02800000086426735,0.10487988867187503,False
6,3,1000,test,4.434283256530762,0.041999999433755875,0.10563318965657556,False
8,4,3600,train,4.367598056793213,0.05249999836087227,0.09999642285156247,False
9,4,3600,train,4.643002510070801,0.014444444328546524,0.07355759533691403,False
7,4,3700,train,4.356276988983154,0.04378378391265869,0.10389111328803165,False
0,4,3800,train,4.357977390289307,0.04842105135321617,0.10652667388237844,False
1,4,3800,train,4.3555684089660645,0.049210526049137115,0.10677078398980032,False
2,4,3800,train,4.60164213180542,0.010789473541080952,0.08183531340874563,False
3,4,3800,train,4.351198673248291,0.049473684281110764,0.10721358387586803,False
4,4,3800,train,4.356683731079102,0.05000000074505806,0.10665776468234589,False
5,4,3800,train,4.36337947845459,0.04973684251308441,0.10597926228162974,False
6,4,3800,train,4.3476667404174805,0.051315788179636,0.1075714864027235,False
8,4,1000,test,4.364887714385986,0.05700000002980232,0.09999642285156247,False
9,4,1000,test,4.376534461975098,0.0430000014603138,0.07355759533691403,False
7,4,1000,test,4.373563766479492,0.05700000002980232,0.10389111328803165,False
0,4,1000,test,4.355700969696045,0.04600000008940697,0.10652667388237844,False
1,4,1000,test,4.366885185241699,0.057999998331069946,0.10677078398980032,False
2,4,1000,test,4.389795780181885,0.03999999910593033,0.08183531340874563,False
3,4,1000,test,4.351334571838379,0.04699999839067459,0.10721358387586803,False
4,4,1000,test,4.364663124084473,0.0430000014603138,0.10665776468234589,False
5,4,1000,test,4.358807563781738,0.05000000074505806,0.10597926228162974,False
6,4,1000,test,4.362030506134033,0.04399999976158142,0.1075714864027235,False
8,5,3600,train,4.255016803741455,0.06583333015441895,0.10330316333007815,False
9,5,3600,train,4.677767276763916,0.02361111156642437,0.0627191179199219,False
7,5,3700,train,4.253586292266846,0.06297297030687332,0.10631383944363067,False
0,5,3800,train,4.25137186050415,0.05999999865889549,0.10941158220757381,False
1,5,3800,train,4.245178699493408,0.0655263140797615,0.11003915585666235,False
2,5,3800,train,4.658814430236816,0.014999999664723873,0.06812406847466365,False
3,5,3800,train,4.238803386688232,0.062368422746658325,0.1106851875542535,False
4,5,3800,train,4.244223117828369,0.0671052634716034,0.11013598813205298,False
5,5,3800,train,4.261500358581543,0.06052631512284279,0.10838522773573137,False
6,5,3800,train,4.236854553222656,0.06736841797828674,0.11088266934543188,False
8,5,1000,test,4.264310359954834,0.0689999982714653,0.10330316333007815,False
9,5,1000,test,4.284370422363281,0.061000000685453415,0.0627191179199219,False
7,5,1000,test,4.264699935913086,0.07500000298023224,0.10631383944363067,False
0,5,1000,test,4.250654697418213,0.0689999982714653,0.10941158220757381,False
1,5,1000,test,4.262088775634766,0.06199999898672104,0.11003915585666235,False
2,5,1000,test,4.297449111938477,0.05400000140070915,0.06812406847466365,False
3,5,1000,test,4.240984916687012,0.05900000035762787,0.1106851875542535,False
4,5,1000,test,4.265166282653809,0.052000001072883606,0.11013598813205298,False
5,5,1000,test,4.251328945159912,0.07100000232458115,0.10838522773573137,False
6,5,1000,test,4.261480808258057,0.05900000035762787,0.11088266934543188,False
8,6,3600,train,4.143526077270508,0.08027777820825577,0.10677169641113284,False
9,6,3600,train,4.745672702789307,0.021111110225319862,0.04896562036132815,False
7,6,3700,train,4.142733097076416,0.07567567378282547,0.10981581757948138,False
0,6,3800,train,4.137861251831055,0.07947368174791336,0.1132774929673937,False
1,6,3800,train,4.132579803466797,0.08289473503828049,0.11381267973497182,False
2,6,3800,train,4.747453689575195,0.01315789483487606,0.05150545927598744,False
3,6,3800,train,4.12533712387085,0.07947368174791336,0.11454660460069448,False
4,6,3800,train,4.1257219314575195,0.08578947186470032,0.11450761076524527,False
5,6,3800,train,4.14802885055542,0.07999999821186066,0.11224717629665802,False
6,6,3800,train,4.12530517578125,0.08368421345949173,0.11454984200710724,False
8,6,1000,test,4.157622814178467,0.09000000357627869,0.10677169641113284,False
9,6,1000,test,4.1884942054748535,0.0729999989271164,0.04896562036132815,False
7,6,1000,test,4.155587673187256,0.07999999821186066,0.10981581757948138,False
0,6,1000,test,4.140292167663574,0.08299999684095383,0.1132774929673937,False
1,6,1000,test,4.16239070892334,0.09000000357627869,0.11381267973497182,False
2,6,1000,test,4.195019721984863,0.06599999964237213,0.05150545927598744,False
3,6,1000,test,4.130256175994873,0.07000000029802322,0.11454660460069448,False
4,6,1000,test,4.161376953125,0.06800000369548798,0.11450761076524527,False
5,6,1000,test,4.14744234085083,0.08399999886751175,0.11224717629665802,False
6,6,1000,test,4.164267063140869,0.07500000298023224,0.11454984200710724,False
8,7,3600,train,4.020869731903076,0.10166666656732559,0.11143955749511716,False
9,7,3600,train,4.8958282470703125,0.021944444626569748,0.02744354003906247,False
7,7,3700,train,4.019404888153076,0.10081081092357635,0.11467963200887042,False
0,7,3800,train,4.012640476226807,0.09578947722911835,0.11846454193115231,False
1,7,3800,train,4.008007049560547,0.09947368502616882,0.11893406249999998,False
2,7,3800,train,4.85142183303833,0.013684210367500782,0.0334680311075846,False
3,7,3800,train,4.003869533538818,0.09921052306890488,0.1193533307902018,False
4,7,3800,train,3.9986913204193115,0.1097368448972702,0.11987805638631183,False
5,7,3800,train,4.028913497924805,0.10342105478048325,0.11681554239908852,False
6,7,3800,train,4.002188205718994,0.1036842092871666,0.11952370534261066,False
8,7,1000,test,4.037516117095947,0.10899999737739563,0.11143955749511716,False
9,7,1000,test,4.084001064300537,0.08500000089406967,0.02744354003906247,False
7,7,1000,test,4.045003890991211,0.0989999994635582,0.11467963200887042,False
0,7,1000,test,4.012709140777588,0.10499999672174454,0.11846454193115231,False
1,7,1000,test,4.053429126739502,0.09600000083446503,0.11893406249999998,False
2,7,1000,test,4.089330196380615,0.07800000160932541,0.0334680311075846,False
3,7,1000,test,4.010364532470703,0.09099999815225601,0.1193533307902018,False
4,7,1000,test,4.044220924377441,0.0949999988079071,0.11987805638631183,False
5,7,1000,test,4.033459186553955,0.10599999874830246,0.11681554239908852,False
6,7,1000,test,4.055256366729736,0.09000000357627869,0.11952370534261066,False
8,8,3600,train,3.8987479209899902,0.12888889014720917,0.11683903857421879,False
9,8,3600,train,5.075765132904053,0.017222221940755844,0.0038453862304687904,False
7,8,3700,train,3.897181510925293,0.11540540307760239,0.12023911988321943,False
0,8,3800,train,3.88737416267395,0.11236841976642609,0.12448263711547855,False
1,8,3800,train,3.8735105991363525,0.12157894670963287,0.12588747822062177,False
2,8,3800,train,5.026578426361084,0.013684210367500782,0.009043271728515668,False
3,8,3800,train,3.880453586578369,0.1173684224486351,0.12518392215983076,False
4,8,3800,train,3.86946964263916,0.131052628159523,0.12629696181233727,False
5,8,3800,train,3.9059808254241943,0.12631578743457794,0.12259716195678715,False
6,8,3800,train,3.876495361328125,0.1260526329278946,0.12558502231852217,False
8,8,1000,test,3.916080951690674,0.12600000202655792,0.11683903857421879,False
9,8,1000,test,3.9793834686279297,0.10999999940395355,0.0038453862304687904,False
7,8,1000,test,3.9364566802978516,0.12399999797344208,0.12023911988321943,False
0,8,1000,test,3.8860127925872803,0.1289999932050705,0.12448263711547855,False
1,8,1000,test,3.9283320903778076,0.12200000137090683,0.12588747822062177,False
2,8,1000,test,3.975600242614746,0.09600000083446503,0.009043271728515668,False
3,8,1000,test,3.8986222743988037,0.10400000214576721,0.12518392215983076,False
4,8,1000,test,3.923232316970825,0.11400000005960464,0.12629696181233727,False
5,8,1000,test,3.913510322570801,0.13099999725818634,0.12259716195678715,False
6,8,1000,test,3.944063425064087,0.12600000202655792,0.12558502231852217,False
8,9,3600,train,3.7844176292419434,0.14055556058883667,0.11821855267496208,False
9,9,3600,train,5.3287200927734375,0.014166667126119137,0.0,False
7,9,3700,train,3.7873780727386475,0.1343243271112442,0.12121030426870287,False
0,9,3800,train,3.7676925659179688,0.1342105269432068,0.12648105646262273,False
1,9,3800,train,3.751816987991333,0.1468421071767807,0.1280897816925218,False
2,9,3800,train,5.2675461769104,0.012894736602902412,0.0,False
3,9,3800,train,3.7598085403442383,0.13736842572689056,0.12727997105409408,False
4,9,3800,train,3.753310203552246,0.1478947401046753,0.1279384691823493,False
5,9,3800,train,3.793111562728882,0.14342105388641357,0.12390526478578354,False
6,9,3800,train,3.763789176940918,0.1413157880306244,0.12687659987896388,False
8,9,1000,test,3.807783365249634,0.13899999856948853,0.11821855267496208,False
9,9,1000,test,3.886078357696533,0.11699999868869781,0.0,False
7,9,1000,test,3.8399412631988525,0.15399999916553497,0.12121030426870287,False
0,9,1000,test,3.7736363410949707,0.13199999928474426,0.12648105646262273,False
1,9,1000,test,3.8259222507476807,0.14000000059604645,0.1280897816925218,False
2,9,1000,test,3.866931676864624,0.11599999666213989,0.0,False
3,9,1000,test,3.7949507236480713,0.14399999380111694,0.12727997105409408,False
4,9,1000,test,3.8140785694122314,0.13300000131130219,0.1279384691823493,False
5,9,1000,test,3.8022289276123047,0.13699999451637268,0.12390526478578354,False
6,9,1000,test,3.838712215423584,0.12399999797344208,0.12687659987896388,False
8,10,3600,train,3.682882785797119,0.15833333134651184,0.11874406559839597,False
9,10,3600,train,5.454275131225586,0.011111111380159855,0.0,False
7,10,3700,train,3.6900157928466797,0.1459459513425827,0.1213387218361281,False
0,10,3800,train,3.6783511638641357,0.1473684161901474,0.12580016248751585,False
1,10,3800,train,3.6564712524414062,0.1681578904390335,0.1280173268450191,False
2,10,3800,train,5.4068522453308105,0.012894736602902412,0.0,False
3,10,3800,train,3.6623690128326416,0.15105263888835907,0.1274196871253739,False
4,10,3800,train,3.6599411964416504,0.16289474070072174,0.12766570585299436,False
5,10,3800,train,3.6908838748931885,0.1560526341199875,0.1245301811032385,False
6,10,3800,train,3.6716012954711914,0.1550000011920929,0.1264841491513342,False
8,10,1000,test,3.7207682132720947,0.14800000190734863,0.11874406559839597,False
9,10,1000,test,3.8142099380493164,0.12200000137090683,0.0,False
7,10,1000,test,3.7567381858825684,0.15299999713897705,0.1213387218361281,False
0,10,1000,test,3.678560733795166,0.1469999998807907,0.12580016248751585,False
1,10,1000,test,3.7381250858306885,0.14800000190734863,0.1280173268450191,False
2,10,1000,test,3.7784597873687744,0.13699999451637268,0.0,False
3,10,1000,test,3.716616630554199,0.15700000524520874,0.1274196871253739,False
4,10,1000,test,3.7279858589172363,0.15199999511241913,0.12766570585299436,False
5,10,1000,test,3.712099552154541,0.14499999582767487,0.1245301811032385,False
6,10,1000,test,3.755866765975952,0.1340000033378601,0.1264841491513342,False
8,11,3600,train,3.6078567504882812,0.1711111068725586,0.11833560718016767,False
9,11,3600,train,5.563444137573242,0.009444444440305233,0.0,False
7,11,3700,train,3.6064887046813965,0.16540540754795074,0.1217576878992294,False
0,11,3800,train,3.592883348464966,0.16394737362861633,0.1264271123174285,False
1,11,3800,train,3.5728631019592285,0.1763157844543457,0.12845583063000987,False
2,11,3800,train,5.490734100341797,0.012894736602902412,0.0,False
3,11,3800,train,3.5899598598480225,0.1676315814256668,0.12672335916394542,False
4,11,3800,train,3.584244966506958,0.175789475440979,0.12730246835583994,False
5,11,3800,train,3.614539384841919,0.17105263471603394,0.12423263396456391,False
6,11,3800,train,3.589545965194702,0.16605262458324432,0.1267653004888152,False
8,11,1000,test,3.6481945514678955,0.15700000524520874,0.11833560718016767,False
9,11,1000,test,3.75173020362854,0.14100000262260437,0.0,False
7,11,1000,test,3.6880741119384766,0.17299999296665192,0.1217576878992294,False
0,11,1000,test,3.6141357421875,0.16300000250339508,0.1264271123174285,False
1,11,1000,test,3.672316312789917,0.1589999943971634,0.12845583063000987,False
2,11,1000,test,3.7079951763153076,0.15700000524520874,0.0,False
3,11,1000,test,3.6528522968292236,0.16599999368190765,0.12672335916394542,False
4,11,1000,test,3.658205032348633,0.16200000047683716,0.12730246835583994,False
5,11,1000,test,3.6411619186401367,0.15299999713897705,0.12423263396456391,False
6,11,1000,test,3.6822166442871094,0.15700000524520874,0.1267653004888152,False
8,12,3600,train,3.523066759109497,0.18611110746860504,0.11878013486640394,False
9,12,3600,train,5.676192283630371,0.009166666306555271,0.0,False
7,12,3700,train,3.533853530883789,0.18324324488639832,0.12101528824207393,False
0,12,3800,train,3.5146193504333496,0.18052631616592407,0.12623503532705377,False
1,12,3800,train,3.488784074783325,0.19447368383407593,0.12885300992625626,False
2,12,3800,train,5.599444389343262,0.012631579302251339,0.0,False
3,12,3800,train,3.5067520141601562,0.1823684275150299,0.1270322587360707,False
4,12,3800,train,3.5035183429718018,0.18868421018123627,0.12735993741649063,False
5,12,3800,train,3.537109136581421,0.1834210455417633,0.12395607033071589,False
6,12,3800,train,3.509357213973999,0.18105262517929077,0.12676826515493464,False
8,12,1000,test,3.5770723819732666,0.1720000058412552,0.11878013486640394,False
9,12,1000,test,3.6893956661224365,0.1509999930858612,0.0,False
7,12,1000,test,3.617220640182495,0.1770000010728836,0.12101528824207393,False
0,12,1000,test,3.5435409545898438,0.17299999296665192,0.12623503532705377,False
1,12,1000,test,3.6023366451263428,0.17499999701976776,0.12885300992625626,False
2,12,1000,test,3.6320717334747314,0.16300000250339508,0.0,False
3,12,1000,test,3.588205575942993,0.17800000309944153,0.1270322587360707,False
4,12,1000,test,3.5973758697509766,0.16899999976158142,0.12735993741649063,False
5,12,1000,test,3.568589925765991,0.17100000381469727,0.12395607033071589,False
6,12,1000,test,3.610128402709961,0.17100000381469727,0.12676826515493464,False
8,13,3600,train,3.448521137237549,0.19777777791023254,0.11927115909918597,False
9,13,3600,train,5.769914627075195,0.007777777966111898,0.0,False
7,13,3700,train,3.4670474529266357,0.19351351261138916,0.12075631703728455,False
0,13,3800,train,3.4505422115325928,0.18605263531208038,0.1256925324094652,False
1,13,3800,train,3.421429395675659,0.20894737541675568,0.1286426310829678,False
2,13,3800,train,5.705334186553955,0.0110526317730546,0.0,False
3,13,3800,train,3.4331905841827393,0.19526316225528717,0.1274508306475837,False
4,13,3800,train,3.434065818786621,0.20131579041481018,0.12736214020772366,False
5,13,3800,train,3.469383716583252,0.1965789496898651,0.12378325989766507,False
6,13,3800,train,3.4372336864471436,0.19421052932739258,0.12704112961812405,False
8,13,1000,test,3.52321195602417,0.1770000010728836,0.11927115909918597,False
9,13,1000,test,3.636814832687378,0.14499999582767487,0.0,False
7,13,1000,test,3.557101249694824,0.1809999942779541,0.12075631703728455,False
0,13,1000,test,3.4941301345825195,0.18799999356269836,0.1256925324094652,False
1,13,1000,test,3.548103094100952,0.1809999942779541,0.1286426310829678,False
2,13,1000,test,3.5750653743743896,0.17800000309944153,0.0,False
3,13,1000,test,3.530747175216675,0.18400000035762787,0.1274508306475837,False
4,13,1000,test,3.5429255962371826,0.1860000044107437,0.12736214020772366,False
5,13,1000,test,3.505410671234131,0.17900000512599945,0.12378325989766507,False
6,13,1000,test,3.550123453140259,0.17499999701976776,0.12704112961812405,False
8,14,3600,train,3.388573169708252,0.21111111342906952,0.11848644152669809,False
9,14,3600,train,5.845527172088623,0.007222222164273262,0.0,False
7,14,3700,train,3.3906283378601074,0.20945945382118225,0.1215749549781233,False
0,14,3800,train,3.3780410289764404,0.20315790176391602,0.1261362785390049,False
1,14,3800,train,3.3472094535827637,0.21973684430122375,0.12926054484556412,False
2,14,3800,train,5.772439479827881,0.01026315800845623,0.0,False
3,14,3800,train,3.359365224838257,0.21578946709632874,0.1280287600250075,False
4,14,3800,train,3.3677127361297607,0.20763157308101654,0.12718287888080176,False
5,14,3800,train,3.4125285148620605,0.20342105627059937,0.1226415466359287,False
6,14,3800,train,3.3725905418395996,0.20499999821186066,0.1266885945688714,False
8,14,1000,test,3.4621951580047607,0.18299999833106995,0.11848644152669809,False
9,14,1000,test,3.5857949256896973,0.1469999998807907,0.0,False
7,14,1000,test,3.49770450592041,0.1850000023841858,0.1215749549781233,False
0,14,1000,test,3.4423844814300537,0.1899999976158142,0.1261362785390049,False
1,14,1000,test,3.4897358417510986,0.1850000023841858,0.12926054484556412,False
2,14,1000,test,3.511794328689575,0.1899999976158142,0.0,False
3,14,1000,test,3.4874093532562256,0.1850000023841858,0.1280287600250075,False
4,14,1000,test,3.4900219440460205,0.19499999284744263,0.12718287888080176,False
5,14,1000,test,3.4490628242492676,0.19099999964237213,0.1226415466359287,False
6,14,1000,test,3.4946486949920654,0.18700000643730164,0.1266885945688714,False
8,15,3600,train,3.3154332637786865,0.22166666388511658,0.11930282174550814,False
9,15,3600,train,5.926056385040283,0.007222222164273262,0.0,False
7,15,3700,train,3.3293237686157227,0.21864864230155945,0.12124625920562913,False
0,15,3800,train,3.3252077102661133,0.2068421095609665,0.12494027904286602,False
1,15,3800,train,3.2768642902374268,0.22894737124443054,0.12983907893910626,False
2,15,3800,train,5.879613876342773,0.008947368711233139,0.0,False
3,15,3800,train,3.290191173553467,0.22842104732990265,0.12848862142974754,False
4,15,3800,train,3.308418035507202,0.21763157844543457,0.126641632751769,False
5,15,3800,train,3.342043161392212,0.2194736897945404,0.12323428666208802,False
6,15,3800,train,3.311720132827759,0.2150000035762787,0.12630702022328594,False
8,15,1000,test,3.414984941482544,0.19099999964237213,0.11930282174550814,False
9,15,1000,test,3.537566900253296,0.16200000047683716,0.0,False
7,15,1000,test,3.4475908279418945,0.19699999690055847,0.12124625920562913,False
0,15,1000,test,3.39500093460083,0.19499999284744263,0.12494027904286602,False
1,15,1000,test,3.4324893951416016,0.19499999284744263,0.12983907893910626,False
2,15,1000,test,3.4633243083953857,0.20000000298023224,0.0,False
3,15,1000,test,3.433464765548706,0.2029999941587448,0.12848862142974754,False
4,15,1000,test,3.441560983657837,0.19900000095367432,0.126641632751769,False
5,15,1000,test,3.390745162963867,0.19900000095367432,0.12323428666208802,False
6,15,1000,test,3.4379072189331055,0.19900000095367432,0.12630702022328594,False
8,16,3600,train,3.266845941543579,0.2338888943195343,0.11872567878292245,False
9,16,3600,train,5.977787494659424,0.0069444444961845875,0.0,False
7,16,3700,train,3.27085542678833,0.22729729115962982,0.12162801176052153,False
0,16,3800,train,3.271275281906128,0.21815788745880127,0.1248727100030132,False
1,16,3800,train,3.2261738777160645,0.2373684197664261,0.1294429856276063,False
2,16,3800,train,5.9322733879089355,0.010526316240429878,0.0,False
3,16,3800,train,3.2359960079193115,0.23763157427310944,0.12844767643367727,False
4,16,3800,train,3.2526402473449707,0.23000000417232513,0.12676106017187713,False
5,16,3800,train,3.292670488357544,0.2286842167377472,0.12270466241593637,False
6,16,3800,train,3.2461650371551514,0.22473683953285217,0.12741721480444548,False
8,16,1000,test,3.3730719089508057,0.19900000095367432,0.11872567878292245,False
9,16,1000,test,3.4951393604278564,0.1679999977350235,0.0,False
7,16,1000,test,3.398754358291626,0.20200000703334808,0.12162801176052153,False
0,16,1000,test,3.355454206466675,0.20600000023841858,0.1248727100030132,False
1,16,1000,test,3.3786795139312744,0.2070000022649765,0.1294429856276063,False
2,16,1000,test,3.4124152660369873,0.2150000035762787,0.0,False
3,16,1000,test,3.3938138484954834,0.20800000429153442,0.12844767643367727,False
4,16,1000,test,3.397977590560913,0.2070000022649765,0.12676106017187713,False
5,16,1000,test,3.341892719268799,0.20800000429153442,0.12270466241593637,False
6,16,1000,test,3.3925211429595947,0.21400000154972076,0.12741721480444548,False
8,17,3600,train,3.2169885635375977,0.2408333271741867,0.11840548609736747,False
9,17,3600,train,6.029947757720947,0.007222222164273262,0.0,False
7,17,3700,train,3.213179588317871,0.24162162840366364,0.12207034626619624,False
0,17,3800,train,3.2156291007995605,0.22473683953285217,0.1251213275491201,False
1,17,3800,train,3.168015241622925,0.24605263769626617,0.12994619861235251,False
2,17,3800,train,5.975144386291504,0.009210526011884212,0.0,False
3,17,3800,train,3.1792495250701904,0.25342103838920593,0.1288077912230296,False
4,17,3800,train,3.197953701019287,0.23894736170768738,0.12691243472685446,False
5,17,3800,train,3.2475504875183105,0.23763157427310944,0.12188662702828675,False
6,17,3800,train,3.1985719203948975,0.2363157868385315,0.1268497884967926,False
8,17,1000,test,3.3268396854400635,0.20600000023841858,0.11840548609736747,False
9,17,1000,test,3.456458568572998,0.17900000512599945,0.0,False
7,17,1000,test,3.357299327850342,0.21400000154972076,0.12207034626619624,False
0,17,1000,test,3.320929765701294,0.21299999952316284,0.1251213275491201,False
1,17,1000,test,3.331652879714966,0.21400000154972076,0.12994619861235251,False
2,17,1000,test,3.372080087661743,0.22200000286102295,0.0,False
3,17,1000,test,3.3518171310424805,0.22200000286102295,0.1288077912230296,False
4,17,1000,test,3.363945245742798,0.20499999821186066,0.12691243472685446,False
5,17,1000,test,3.2969884872436523,0.22100000083446503,0.12188662702828675,False
6,17,1000,test,3.352278470993042,0.210999995470047,0.1268497884967926,False
8,18,3600,train,3.154297113418579,0.25083333253860474,0.11959411365090807,False
9,18,3600,train,6.053028106689453,0.006388888694345951,0.0,False
7,18,3700,train,3.1586642265319824,0.25162163376808167,0.1224852838695775,False
0,18,3800,train,3.159717559814453,0.24105262756347656,0.12568895917450995,False
1,18,3800,train,3.1231324672698975,0.25684210658073425,0.12939624855235826,False
2,18,3800,train,6.034841060638428,0.01026315800845623,0.0,False
3,18,3800,train,3.1364545822143555,0.26605263352394104,0.1280462742379865,False
4,18,3800,train,3.1572532653808594,0.24789473414421082,0.12593867434378078,False
5,18,3800,train,3.199202537536621,0.2428947389125824,0.12168781476533026,False
6,18,3800,train,3.145174741744995,0.24657894670963287,0.12716263140554837,False
8,18,1000,test,3.2935917377471924,0.20999999344348907,0.11959411365090807,False
9,18,1000,test,3.414625644683838,0.1899999976158142,0.0,False
7,18,1000,test,3.3150248527526855,0.22200000286102295,0.1224852838695775,False
0,18,1000,test,3.282188653945923,0.22100000083446503,0.12568895917450995,False
1,18,1000,test,3.286761999130249,0.21799999475479126,0.12939624855235826,False
2,18,1000,test,3.334861993789673,0.2290000021457672,0.0,False
3,18,1000,test,3.3220343589782715,0.2150000035762787,0.1280462742379865,False
4,18,1000,test,3.319383144378662,0.22200000286102295,0.12593867434378078,False
5,18,1000,test,3.252229690551758,0.2329999953508377,0.12168781476533026,False
6,18,1000,test,3.3145413398742676,0.22100000083446503,0.12716263140554837,False
8,19,3600,train,3.1100947856903076,0.25833332538604736,0.11911562727614493,False
9,19,3600,train,6.146650314331055,0.007222222164273262,0.0,False
7,19,3700,train,3.1144227981567383,0.26081082224845886,0.12199736413712778,False
0,19,3800,train,3.119955539703369,0.24684210121631622,0.12473393905149607,False
1,19,3800,train,3.0644936561584473,0.26552632451057434,0.13035407658404816,False
2,19,3800,train,6.122562885284424,0.008684210479259491,0.0,False
3,19,3800,train,3.081801176071167,0.2707894742488861,0.12860024789955923,False
4,19,3800,train,3.1045544147491455,0.25894737243652344,0.12629458638019073,False
5,19,3800,train,3.1510324478149414,0.25184211134910583,0.12158481236285676,False
6,19,3800,train,3.0944416522979736,0.25342103838920593,0.12731934630857616,False
8,19,1000,test,3.2493271827697754,0.22599999606609344,0.11911562727614493,False
9,19,1000,test,3.3741722106933594,0.19599999487400055,0.0,False
7,19,1000,test,3.2779619693756104,0.22599999606609344,0.12199736413712778,False
0,19,1000,test,3.252741813659668,0.22300000488758087,0.12473393905149607,False
1,19,1000,test,3.2479138374328613,0.23000000417232513,0.13035407658404816,False
2,19,1000,test,3.300098180770874,0.23000000417232513,0.0,False
3,19,1000,test,3.284332036972046,0.23199999332427979,0.12860024789955923,False
4,19,1000,test,3.2906298637390137,0.22499999403953552,0.12629458638019073,False
5,19,1000,test,3.2118446826934814,0.2409999966621399,0.12158481236285676,False
6,19,1000,test,3.273221731185913,0.22699999809265137,0.12731934630857616,False
8,20,3600,train,3.0628812313079834,0.2680555582046509,0.11919386813648518,False
9,20,3600,train,6.203979969024658,0.007222222164273262,0.0,False
7,20,3700,train,3.055546522140503,0.27432432770729065,0.12322850022257895,False
0,20,3800,train,3.073174238204956,0.2597368359565735,0.12477272500073001,False
1,20,3800,train,3.0225610733032227,0.2757894694805145,0.12990152571077232,False
2,20,3800,train,6.17834997177124,0.008947368711233139,0.0,False
3,20,3800,train,3.0333831310272217,0.28236842155456543,0.12880489052807376,False
4,20,3800,train,3.058911085128784,0.26552632451057434,0.1262180578457821,False
5,20,3800,train,3.104799270629883,0.2615789473056793,0.12156805504833744,False
6,20,3800,train,3.0579802989959717,0.26289474964141846,0.12631237750724042,False
8,20,1000,test,3.2166748046875,0.22599999606609344,0.11919386813648518,False
9,20,1000,test,3.341393232345581,0.20100000500679016,0.0,False
7,20,1000,test,3.2464210987091064,0.23600000143051147,0.12322850022257895,False
0,20,1000,test,3.2195043563842773,0.23600000143051147,0.12477272500073001,False
1,20,1000,test,3.2070138454437256,0.24300000071525574,0.12990152571077232,False
2,20,1000,test,3.2675681114196777,0.23600000143051147,0.0,False
3,20,1000,test,3.2570276260375977,0.24199999868869781,0.12880489052807376,False
4,20,1000,test,3.2622838020324707,0.22699999809265137,0.1262180578457821,False
5,20,1000,test,3.1728339195251465,0.23600000143051147,0.12156805504833744,False
6,20,1000,test,3.239870309829712,0.2370000034570694,0.12631237750724042,False
8,21,3600,train,3.024868965148926,0.2750000059604645,0.11859556827988732,False
9,21,3600,train,6.250274181365967,0.008611110970377922,0.0,False
7,21,3700,train,3.0059309005737305,0.2848648726940155,0.12375844532574791,False
0,21,3800,train,3.0267810821533203,0.2647368311882019,0.12499044977232462,False
1,21,3800,train,2.965491533279419,0.28736841678619385,0.1312011240582133,False
2,21,3800,train,6.2664408683776855,0.008684210479259491,0.0,False
3,21,3800,train,2.991764545440674,0.2876315712928772,0.12853879215920613,False
4,21,3800,train,3.0120577812194824,0.27473685145378113,0.1264824109336202,False
5,21,3800,train,3.0741162300109863,0.2663157880306244,0.12019382145608114,False
6,21,3800,train,3.014456033706665,0.27052631974220276,0.12623938801491902,False
8,21,1000,test,3.181626558303833,0.23100000619888306,0.11859556827988732,False
9,21,1000,test,3.3087406158447266,0.20999999344348907,0.0,False
7,21,1000,test,3.2110912799835205,0.23999999463558197,0.12375844532574791,False
0,21,1000,test,3.1907026767730713,0.2460000067949295,0.12499044977232462,False
1,21,1000,test,3.171264410018921,0.25200000405311584,0.1312011240582133,False
2,21,1000,test,3.228762149810791,0.23600000143051147,0.0,False
3,21,1000,test,3.219510793685913,0.23499999940395355,0.12853879215920613,False
4,21,1000,test,3.2335915565490723,0.23000000417232513,0.1264824109336202,False
5,21,1000,test,3.1373353004455566,0.24899999797344208,0.12019382145608114,False
6,21,1000,test,3.2080628871917725,0.24199999868869781,0.12623938801491902,False
8,22,3600,train,2.9792044162750244,0.28166666626930237,0.11917557302582696,False
9,22,3600,train,6.304970741271973,0.008055555634200573,0.0,False
7,22,3700,train,2.9719014167785645,0.29081082344055176,0.12320656822686175,False
0,22,3800,train,2.9940526485443115,0.2723684310913086,0.12429181732397403,False
1,22,3800,train,2.9213669300079346,0.29789474606513977,0.13165730346899357,False
2,22,3800,train,6.327140808105469,0.009736842475831509,0.0,False
3,22,3800,train,2.9566287994384766,0.29552632570266724,0.12808410070003198,False
4,22,3800,train,2.9803106784820557,0.2805263102054596,0.12568433695694928,False
5,22,3800,train,3.0247702598571777,0.27868419885635376,0.12117909937760359,False
6,22,3800,train,2.970078468322754,0.28026315569877625,0.12672120091975853,False
8,22,1000,test,3.1555566787719727,0.23000000417232513,0.11917557302582696,False
9,22,1000,test,3.279783010482788,0.21699999272823334,0.0,False
7,22,1000,test,3.1790080070495605,0.24300000071525574,0.12320656822686175,False
0,22,1000,test,3.166274070739746,0.25200000405311584,0.12429181732397403,False
1,22,1000,test,3.1387557983398438,0.25600001215934753,0.13165730346899357,False
2,22,1000,test,3.20500111579895,0.23899999260902405,0.0,False
3,22,1000,test,3.190293073654175,0.23999999463558197,0.12808410070003198,False
4,22,1000,test,3.201591730117798,0.2409999966621399,0.12568433695694928,False
5,22,1000,test,3.1060101985931396,0.25600001215934753,0.12117909937760359,False
6,22,1000,test,3.179748058319092,0.25,0.12672120091975853,False
8,23,3600,train,2.954273223876953,0.2913888990879059,0.11839384148683263,False
9,23,3600,train,6.331685543060303,0.008888889104127884,0.0,False
7,23,3700,train,2.932823896408081,0.29972973465919495,0.1237988929495067,False
0,23,3800,train,2.9661829471588135,0.2805263102054596,0.12376442516576147,False
1,23,3800,train,2.8821115493774414,0.30368420481681824,0.1322836601409405,False
2,23,3800,train,6.334402084350586,0.008684210479259491,0.0,False
3,23,3800,train,2.917523145675659,0.304736852645874,0.12869528504938776,False
4,23,3800,train,2.938344955444336,0.28578945994377136,0.1265853416594952,False
5,23,3800,train,2.9972386360168457,0.2821052670478821,0.12061744869481421,False
6,23,3800,train,2.9454920291900635,0.28368422389030457,0.12586110485326146,False
8,23,1000,test,3.1247196197509766,0.23600000143051147,0.11839384148683263,False
9,23,1000,test,3.2553467750549316,0.2150000035762787,0.0,False
7,23,1000,test,3.1607613563537598,0.2409999966621399,0.1237988929495067,False
0,23,1000,test,3.150623321533203,0.2549999952316284,0.12376442516576147,False
1,23,1000,test,3.1139557361602783,0.2549999952316284,0.1322836601409405,False
2,23,1000,test,3.179780960083008,0.25,0.0,False
3,23,1000,test,3.1691064834594727,0.24799999594688416,0.12869528504938776,False
4,23,1000,test,3.184526205062866,0.23800000548362732,0.1265853416594952,False
5,23,1000,test,3.0799779891967773,0.2630000114440918,0.12061744869481421,False
6,23,1000,test,3.1541051864624023,0.25699999928474426,0.12586110485326146,False
8,24,3600,train,2.907086133956909,0.29777777194976807,0.11946460257495363,False
9,24,3600,train,6.3548583984375,0.007777777966111898,0.0,False
7,24,3700,train,2.901865005493164,0.30243241786956787,0.12329821509934741,False
0,24,3800,train,2.9165873527526855,0.29184210300445557,0.12513873476892348,False
1,24,3800,train,2.8532845973968506,0.3100000023841858,0.13155341397831477,False
2,24,3800,train,6.376249313354492,0.009999999776482582,0.0,False
3,24,3800,train,2.893324136734009,0.30868420004844666,0.1274960739921494,False
4,24,3800,train,2.9109983444213867,0.2905263304710388,0.12570508761316176,False
5,24,3800,train,2.960608720779419,0.28894737362861633,0.12067790280888116,False
6,24,3800,train,2.9015159606933594,0.29710525274276733,0.12666596916426853,False
8,24,1000,test,3.108546495437622,0.24199999868869781,0.11946460257495363,False
9,24,1000,test,3.2284152507781982,0.2240000069141388,0.0,False
7,24,1000,test,3.1327929496765137,0.25,0.12329821509934741,False
0,24,1000,test,3.1242830753326416,0.2639999985694885,0.12513873476892348,False
1,24,1000,test,3.0832226276397705,0.257999986410141,0.13155341397831477,False
2,24,1000,test,3.1554508209228516,0.24899999797344208,0.0,False
3,24,1000,test,3.138131856918335,0.25200000405311584,0.1274960739921494,False
4,24,1000,test,3.1559274196624756,0.2460000067949295,0.12570508761316176,False
5,24,1000,test,3.057440757751465,0.2680000066757202,0.12067790280888116,False
6,24,1000,test,3.133817434310913,0.2590000033378601,0.12666596916426853,False
8,25,3600,train,2.86321759223938,0.30388888716697693,0.11976618184441344,False
9,25,3600,train,6.442969799041748,0.007777777966111898,0.0,False
7,25,3700,train,2.848489284515381,0.318918913602829,0.12454621325774838,False
0,25,3800,train,2.8854570388793945,0.2910526394844055,0.12416626135402604,False
1,25,3800,train,2.8123648166656494,0.3181578814983368,0.13157293987168556,False
2,25,3800,train,6.492767333984375,0.008421052247285843,0.0,False
3,25,3800,train,2.8468291759490967,0.31605264544487,0.12808055146429623,False
4,25,3800,train,2.87935209274292,0.29552632570266724,0.12478489589585547,False
5,25,3800,train,2.919692039489746,0.2963157892227173,0.12069711462551042,False
6,25,3800,train,2.863553285598755,0.3028947412967682,0.1263858416864642,False
8,25,1000,test,3.0768654346466064,0.23899999260902405,0.11976618184441344,False
9,25,1000,test,3.201061964035034,0.22599999606609344,0.0,False
7,25,1000,test,3.103253126144409,0.257999986410141,0.12454621325774838,False
0,25,1000,test,3.102193832397461,0.2669999897480011,0.12416626135402604,False
1,25,1000,test,3.0534958839416504,0.26899999380111694,0.13157293987168556,False
2,25,1000,test,3.1305747032165527,0.2549999952316284,0.0,False
3,25,1000,test,3.119284152984619,0.25699999928474426,0.12808055146429623,False
4,25,1000,test,3.130744695663452,0.25699999928474426,0.12478489589585547,False
5,25,1000,test,3.0268144607543945,0.2669999897480011,0.12069711462551042,False
6,25,1000,test,3.104975938796997,0.257999986410141,0.1263858416864642,False
8,26,3600,train,2.8265700340270996,0.3144444525241852,0.12007290814168431,False
9,26,3600,train,6.448501110076904,0.009722222574055195,0.0,False
7,26,3700,train,2.82304310798645,0.3221621513366699,0.1237562567371863,False
0,26,3800,train,2.8488998413085938,0.300789475440979,0.12448087145614202,False
1,26,3800,train,2.775296926498413,0.3231579065322876,0.131939300156907,False
2,26,3800,train,6.517050743103027,0.008421052247285843,0.0,False
3,26,3800,train,2.8124563694000244,0.32236841320991516,0.12817380994287705,False
4,26,3800,train,2.8319928646087646,0.30421051383018494,0.1261941117617247,False
5,26,3800,train,2.8948419094085693,0.2981579005718231,0.1198254085553445,False
6,26,3800,train,2.8382768630981445,0.3073684275150299,0.1255573332481342,False
8,26,1000,test,3.051731824874878,0.24400000274181366,0.12007290814168431,False
9,26,1000,test,3.176359176635742,0.2329999953508377,0.0,False
7,26,1000,test,3.082301378250122,0.25999999046325684,0.1237562567371863,False
0,26,1000,test,3.085690498352051,0.2680000066757202,0.12448087145614202,False
1,26,1000,test,3.0317349433898926,0.2709999978542328,0.131939300156907,False
2,26,1000,test,3.109445810317993,0.25200000405311584,0.0,False
3,26,1000,test,3.0999016761779785,0.257999986410141,0.12817380994287705,False
4,26,1000,test,3.1105380058288574,0.25600001215934753,0.1261941117617247,False
5,26,1000,test,3.002525568008423,0.27799999713897705,0.1198254085553445,False
6,26,1000,test,3.085277557373047,0.26100000739097595,0.1255573332481342,False
8,27,3600,train,2.8086791038513184,0.31194445490837097,0.11908372259298432,False
9,27,3600,train,6.478235721588135,0.008888889104127884,0.0,False
7,27,3700,train,2.800363540649414,0.3235135078430176,0.12321207267871066,False
0,27,3800,train,2.8173978328704834,0.312105268239975,0.12481598708531916,False
1,27,3800,train,2.7411184310913086,0.3313157856464386,0.13254563313227555,False
2,27,3800,train,6.54050874710083,0.008947368711233139,0.0,False
3,27,3800,train,2.790846109390259,0.3247368335723877,0.12750656173131525,False
4,27,3800,train,2.8173961639404297,0.3073684275150299,0.12481615620356461,False
5,27,3800,train,2.8514745235443115,0.3063157796859741,0.12136288243037124,False
6,27,3800,train,2.7992300987243652,0.3155263066291809,0.12665698414545914,False
8,27,1000,test,3.0345547199249268,0.24799999594688416,0.11908372259298432,False
9,27,1000,test,3.1558215618133545,0.23399999737739563,0.0,False
7,27,1000,test,3.062624454498291,0.2619999945163727,0.12321207267871066,False
0,27,1000,test,3.072155714035034,0.2759999930858612,0.12481598708531916,False
1,27,1000,test,3.0060367584228516,0.27399998903274536,0.13254563313227555,False
2,27,1000,test,3.0886025428771973,0.2549999952316284,0.0,False
3,27,1000,test,3.0784835815429688,0.2630000114440918,0.12750656173131525,False
4,27,1000,test,3.0961153507232666,0.2619999945163727,0.12481615620356461,False
5,27,1000,test,2.9836502075195312,0.2759999930858612,0.12136288243037124,False
6,27,1000,test,3.0672593116760254,0.2619999945163727,0.12665698414545914,False
8,28,3600,train,2.7838668823242188,0.3166666626930237,0.1184211410066218,False
9,28,3600,train,6.553282737731934,0.009444444440305233,0.0,False
7,28,3700,train,2.753269672393799,0.33486485481262207,0.12472954185882937,False
0,28,3800,train,2.7821826934814453,0.31894737482070923,0.12517075775416847,False
1,28,3800,train,2.7138209342956543,0.33815789222717285,0.1320980826849953,False
2,28,3800,train,6.6312737464904785,0.008684210479259491,0.0,False
3,28,3800,train,2.7463223934173584,0.33000001311302185,0.12880460149399595,False
4,28,3800,train,2.7850024700164795,0.3171052634716034,0.12488502039861833,False
5,28,3800,train,2.8301734924316406,0.31078946590423584,0.12030769012721534,False
6,28,3800,train,2.7781128883361816,0.31894737482070923,0.1255831646755552,False
8,28,1000,test,3.0114009380340576,0.26100000739097595,0.1184211410066218,False
9,28,1000,test,3.1400835514068604,0.24300000071525574,0.0,False
7,28,1000,test,3.044630527496338,0.2680000066757202,0.12472954185882937,False
0,28,1000,test,3.0536420345306396,0.27300000190734863,0.12517075775416847,False
1,28,1000,test,2.991039752960205,0.27799999713897705,0.1320980826849953,False
2,28,1000,test,3.070230722427368,0.257999986410141,0.0,False
3,28,1000,test,3.0661532878875732,0.2619999945163727,0.12880460149399595,False
4,28,1000,test,3.075228452682495,0.2630000114440918,0.12488502039861833,False
5,28,1000,test,2.9625377655029297,0.28200000524520874,0.12030769012721534,False
6,28,1000,test,3.045593738555908,0.2720000147819519,0.1255831646755552,False
8,29,3600,train,2.7620127201080322,0.32305556535720825,0.11818656799721954,False
9,29,3600,train,6.495635986328125,0.009722222574055195,0.0,False
7,29,3700,train,2.7273576259613037,0.34162160754203796,0.12488883084184176,False
0,29,3800,train,2.7584500312805176,0.3247368335723877,0.12511350757603099,False
1,29,3800,train,2.679224967956543,0.3410526216030121,0.13314164732619377,False
2,29,3800,train,6.628251552581787,0.00947368424385786,0.0,False
3,29,3800,train,2.7347404956817627,0.3302631676197052,0.12751607385003816,False
4,29,3800,train,2.7496633529663086,0.3263157904148102,0.1260038909785375,False
5,29,3800,train,2.8141448497772217,0.31526315212249756,0.11946976596836498,False
6,29,3800,train,2.7528624534606934,0.32657894492149353,0.12567971546177317,False
8,29,1000,test,2.9925737380981445,0.25999999046325684,0.11818656799721954,False
9,29,1000,test,3.120265483856201,0.24400000274181366,0.0,False
7,29,1000,test,3.028000831604004,0.2639999985694885,0.12488883084184176,False
0,29,1000,test,3.039653778076172,0.2770000100135803,0.12511350757603099,False
1,29,1000,test,2.96724009513855,0.28200000524520874,0.13314164732619377,False
2,29,1000,test,3.0515286922454834,0.25999999046325684,0.0,False
3,29,1000,test,3.046699047088623,0.26499998569488525,0.12751607385003816,False
4,29,1000,test,3.0614659786224365,0.27000001072883606,0.1260038909785375,False
5,29,1000,test,2.945997476577759,0.28700000047683716,0.11946976596836498,False
6,29,1000,test,3.029151439666748,0.2759999930858612,0.12567971546177317,False
8,30,3600,train,2.717904567718506,0.3313888907432556,0.1192999700755376,False
9,30,3600,train,6.629937171936035,0.008611110970377922,0.0,False
7,30,3700,train,2.704261064529419,0.3443243205547333,0.12396001711451465,False
0,30,3800,train,2.7215616703033447,0.3297368288040161,0.12555715979558157,False
1,30,3800,train,2.642155885696411,0.3497368395328522,0.13360361263575082,False
2,30,3800,train,6.701903820037842,0.00947368424385786,0.0,False
3,30,3800,train,2.699423313140869,0.3344736695289612,0.1278005133213791,False
4,30,3800,train,2.7277610301971436,0.3257894814014435,0.12492895799300995,False
5,30,3800,train,2.787858247756958,0.3194736838340759,0.11883910661361542,False
6,30,3800,train,2.7170863151550293,0.33421051502227783,0.12601066245061085,False
8,30,1000,test,2.9802029132843018,0.2720000147819519,0.1192999700755376,False
9,30,1000,test,3.100830078125,0.24799999594688416,0.0,False
7,30,1000,test,3.0106968879699707,0.26600000262260437,0.12396001711451465,False
0,30,1000,test,3.021836519241333,0.28299999237060547,0.12555715979558157,False
1,30,1000,test,2.9458272457122803,0.2919999957084656,0.13360361263575082,False
2,30,1000,test,3.0306851863861084,0.2680000066757202,0.0,False
3,30,1000,test,3.0283801555633545,0.26600000262260437,0.1278005133213791,False
4,30,1000,test,3.042544364929199,0.27399998903274536,0.12492895799300995,False
5,30,1000,test,2.9257025718688965,0.28700000047683716,0.11883910661361542,False
6,30,1000,test,3.019646406173706,0.2770000100135803,0.12601066245061085,False
8,31,3600,train,2.6911582946777344,0.3375000059604645,0.11959137239171025,False
9,31,3600,train,6.644813537597656,0.008611110970377922,0.0,False
7,31,3700,train,2.6750833988189697,0.35324323177337646,0.12449941134954476,False
0,31,3800,train,2.7056427001953125,0.3352631628513336,0.12476758443213512,False
1,31,3800,train,2.627401351928711,0.359736829996109,0.13269604105648408,False
2,31,3800,train,6.726218223571777,0.009210526011884212,0.0,False
3,31,3800,train,2.6692447662353516,0.3428947329521179,0.12845590840674448,False
4,31,3800,train,2.706519842147827,0.33105263113975525,0.1246787007142803,False
5,31,3800,train,2.760057210922241,0.32710525393486023,0.11925358067847301,False
6,31,3800,train,2.6929142475128174,0.33921054005622864,0.12605740097062795,False
8,31,1000,test,2.9652907848358154,0.2720000147819519,0.11959137239171025,False
9,31,1000,test,3.0883805751800537,0.2540000081062317,0.0,False
7,31,1000,test,2.9951512813568115,0.2770000100135803,0.12449941134954476,False
0,31,1000,test,3.012251615524292,0.28700000047683716,0.12476758443213512,False
1,31,1000,test,2.9304425716400146,0.29100000858306885,0.13269604105648408,False
2,31,1000,test,3.0179736614227295,0.2680000066757202,0.0,False
3,31,1000,test,3.0124363899230957,0.27900001406669617,0.12845590840674448,False
4,31,1000,test,3.02886962890625,0.2770000100135803,0.1246787007142803,False
5,31,1000,test,2.9113831520080566,0.28999999165534973,0.11925358067847301,False
6,31,1000,test,3.0002846717834473,0.28600001335144043,0.12605740097062795,False
8,32,3600,train,2.661703586578369,0.3427777886390686,0.1197971261363489,False
9,32,3600,train,6.671449184417725,0.009166666306555271,0.0,False
7,32,3700,train,2.6438941955566406,0.3564864993095398,0.12488201733205802,False
0,32,3800,train,2.676356792449951,0.3418421149253845,0.12496766383782575,False
1,32,3800,train,2.595085620880127,0.3663157820701599,0.13320314255690127,False
2,32,3800,train,6.78654146194458,0.00947368424385786,0.0,False
3,32,3800,train,2.648918628692627,0.3471052646636963,0.12774806443190126,False
4,32,3800,train,2.6724135875701904,0.33552631735801697,0.12536724193230817,False
5,32,3800,train,2.738751173019409,0.3302631676197052,0.118645033273454,False
6,32,3800,train,2.672191858291626,0.3418421149253845,0.1253897104992027,False
8,32,1000,test,2.9504849910736084,0.27300000190734863,0.1197971261363489,False
9,32,1000,test,3.068641185760498,0.2529999911785126,0.0,False
7,32,1000,test,2.982123851776123,0.2759999930858612,0.12488201733205802,False
0,32,1000,test,2.9979586601257324,0.27799999713897705,0.12496766383782575,False
1,32,1000,test,2.9153530597686768,0.28999999165534973,0.13320314255690127,False
2,32,1000,test,3.0030174255371094,0.27000001072883606,0.0,False
3,32,1000,test,2.9986469745635986,0.27300000190734863,0.12774806443190126,False
4,32,1000,test,3.014108896255493,0.28200000524520874,0.12536724193230817,False
5,32,1000,test,2.89593505859375,0.30300000309944153,0.118645033273454,False
6,32,1000,test,2.9858431816101074,0.28600001335144043,0.1253897104992027,False
8,33,3600,train,2.6373209953308105,0.3449999988079071,0.11986776743537167,False
9,33,3600,train,6.680355548858643,0.008888889104127884,0.0,False
7,33,3700,train,2.6323471069335938,0.36243242025375366,0.12368818463043516,False
0,33,3800,train,2.6411995887756348,0.35131579637527466,0.12613405704603903,False
1,33,3800,train,2.57177996635437,0.3689473569393158,0.13316857878472715,False
2,33,3800,train,6.787104606628418,0.01026315800845623,0.0,False
3,33,3800,train,2.626424789428711,0.3510526418685913,0.12763123671319396,False
4,33,3800,train,2.6517832279205322,0.3428947329521179,0.1250615816126894,False
5,33,3800,train,2.7093334197998047,0.33552631735801697,0.1192298288355898,False
6,33,3800,train,2.6502320766448975,0.34684211015701294,0.12521876494195372,False
8,33,1000,test,2.9380366802215576,0.27399998903274536,0.11986776743537167,False
9,33,1000,test,3.056119203567505,0.25699999928474426,0.0,False
7,33,1000,test,2.9669764041900635,0.2759999930858612,0.12368818463043516,False
0,33,1000,test,2.9813106060028076,0.28600001335144043,0.12613405704603903,False
1,33,1000,test,2.8975813388824463,0.2919999957084656,0.13316857878472715,False
2,33,1000,test,2.984966993331909,0.2709999978542328,0.0,False
3,33,1000,test,2.9796249866485596,0.2879999876022339,0.12763123671319396,False
4,33,1000,test,2.999192476272583,0.28299999237060547,0.1250615816126894,False
5,33,1000,test,2.881819725036621,0.30000001192092896,0.1192298288355898,False
6,33,1000,test,2.9779298305511475,0.28600001335144043,0.12521876494195372,False
8,34,3600,train,2.6200132369995117,0.34861111640930176,0.1189745652715233,False
9,34,3600,train,6.7206645011901855,0.009722222574055195,0.0,False
7,34,3700,train,2.6013851165771484,0.36486485600471497,0.12411738885518324,False
0,34,3800,train,2.6238365173339844,0.3542105257511139,0.12519683760160358,False
1,34,3800,train,2.5386388301849365,0.37578946352005005,0.13383020323270708,False
2,34,3800,train,6.845076084136963,0.009210526011884212,0.0,False
3,34,3800,train,2.6084392070770264,0.351578950881958,0.12675709837430865,False
4,34,3800,train,2.613654136657715,0.347631573677063,0.12622865217679888,False
5,34,3800,train,2.681776523590088,0.3400000035762787,0.11932558363431842,False
6,34,3800,train,2.620157241821289,0.3486842215061188,0.1255696708535567,False
8,34,1000,test,2.919870138168335,0.2809999883174896,0.1189745652715233,False
9,34,1000,test,3.040518045425415,0.26499998569488525,0.0,False
7,34,1000,test,2.9542009830474854,0.2800000011920929,0.12411738885518324,False
0,34,1000,test,2.969650983810425,0.28999999165534973,0.12519683760160358,False
1,34,1000,test,2.8833189010620117,0.296999990940094,0.13383020323270708,False
2,34,1000,test,2.9742512702941895,0.2669999897480011,0.0,False
3,34,1000,test,2.9711122512817383,0.2879999876022339,0.12675709837430865,False
4,34,1000,test,2.9861485958099365,0.2809999883174896,0.12622865217679888,False
5,34,1000,test,2.866258382797241,0.30300000309944153,0.11932558363431842,False
6,34,1000,test,2.959623336791992,0.2980000078678131,0.1255696708535567,False
8,35,3600,train,2.5935564041137695,0.35499998927116394,0.11940357933171168,False
9,35,3600,train,6.787214756011963,0.009444444440305233,0.0,False
7,35,3700,train,2.57525897026062,0.3705405294895172,0.12452569223110331,False
0,35,3800,train,2.6043736934661865,0.35499998927116394,0.1249409595290952,False
1,35,3800,train,2.5225164890289307,0.3744736909866333,0.13323582291207045,False
2,35,3800,train,6.889773368835449,0.009736842475831509,0.0,False
3,35,3800,train,2.5820703506469727,0.35499998927116394,0.1272010316014422,False
4,35,3800,train,2.5900769233703613,0.35236841440200806,0.1263896988988055,False
5,35,3800,train,2.656959295272827,0.34684211015701294,0.11961228521268895,False
6,35,3800,train,2.6068410873413086,0.35447368025779724,0.12469093028308283,False
8,35,1000,test,2.912930965423584,0.27900001406669617,0.11940357933171168,False
9,35,1000,test,3.0292415618896484,0.26499998569488525,0.0,False
7,35,1000,test,2.945892333984375,0.2770000100135803,0.12452569223110331,False
0,35,1000,test,2.957223653793335,0.2930000126361847,0.1249409595290952,False
1,35,1000,test,2.8708057403564453,0.3019999861717224,0.13323582291207045,False
2,35,1000,test,2.9636435508728027,0.27000001072883606,0.0,False
3,35,1000,test,2.9625966548919678,0.28700000047683716,0.1272010316014422,False
4,35,1000,test,2.9757282733917236,0.28299999237060547,0.1263896988988055,False
5,35,1000,test,2.858189344406128,0.29899999499320984,0.11961228521268895,False
6,35,1000,test,2.9533166885375977,0.29100000858306885,0.12469093028308283,False
8,36,3600,train,2.570530652999878,0.3566666543483734,0.11945294731875197,False
9,36,3600,train,6.811895847320557,0.009722222574055195,0.0,False
7,36,3700,train,2.561256170272827,0.37162160873413086,0.12368616704000854,False
0,36,3800,train,2.567039966583252,0.36921051144599915,0.12644294506001183,False
1,36,3800,train,2.4966514110565186,0.3836842179298401,0.13357565202005417,False
2,36,3800,train,6.912337779998779,0.01026315800845623,0.0,False
3,36,3800,train,2.5665087699890137,0.3581579029560089,0.1264967729815613,False
4,36,3800,train,2.5786688327789307,0.3531579077243805,0.1252645532855164,False
5,36,3800,train,2.6303517818450928,0.3521052598953247,0.1200273477801453,False
6,36,3800,train,2.5807504653930664,0.359736829996109,0.12505361451395064,False
8,36,1000,test,2.903493642807007,0.2809999883174896,0.11945294731875197,False
9,36,1000,test,3.0167834758758545,0.2680000066757202,0.0,False
7,36,1000,test,2.9324557781219482,0.27900001406669617,0.12368616704000854,False
0,36,1000,test,2.9477181434631348,0.2919999957084656,0.12644294506001183,False
1,36,1000,test,2.855905294418335,0.3070000112056732,0.13357565202005417,False
2,36,1000,test,2.946495294570923,0.2680000066757202,0.0,False
3,36,1000,test,2.9435205459594727,0.29100000858306885,0.1264967729815613,False
4,36,1000,test,2.962090492248535,0.2849999964237213,0.1252645532855164,False
5,36,1000,test,2.8441224098205566,0.3019999861717224,0.1200273477801453,False
6,36,1000,test,2.939948081970215,0.29499998688697815,0.12505361451395064,False
8,37,3600,train,2.5497238636016846,0.36027777194976807,0.11936312921973954,False
9,37,3600,train,6.858263969421387,0.009722222574055195,0.0,False
7,37,3700,train,2.549164056777954,0.37162160873413086,0.12273400597134038,False
0,37,3800,train,2.5544281005859375,0.3689473569393158,0.12551771816198745,False
1,37,3800,train,2.471750497817993,0.3892105221748352,0.13389571524247249,False
2,37,3800,train,6.959186553955078,0.01026315800845623,0.0,False
3,37,3800,train,2.54089093208313,0.3668420910835266,0.12688948457027197,False
4,37,3800,train,2.563279628753662,0.3571052551269531,0.12462076330765803,False
5,37,3800,train,2.6060688495635986,0.3592105209827423,0.12028478893225113,False
6,37,3800,train,2.542816162109375,0.36657893657684326,0.1266943945942791,False
8,37,1000,test,2.8930912017822266,0.2770000100135803,0.11936312921973954,False
9,37,1000,test,3.003222703933716,0.27300000190734863,0.0,False
7,37,1000,test,2.922420024871826,0.28299999237060547,0.12273400597134038,False
0,37,1000,test,2.937906265258789,0.29100000858306885,0.12551771816198745,False
1,37,1000,test,2.8429925441741943,0.3100000023841858,0.13389571524247249,False
2,37,1000,test,2.931175708770752,0.27300000190734863,0.0,False
3,37,1000,test,2.9324240684509277,0.296999990940094,0.12688948457027197,False
4,37,1000,test,2.9526705741882324,0.28299999237060547,0.12462076330765803,False
5,37,1000,test,2.83370304107666,0.30300000309944153,0.12028478893225113,False
6,37,1000,test,2.934692859649658,0.296999990940094,0.1266943945942791,False
8,38,3600,train,2.5285449028015137,0.3616666793823242,0.11947191546367253,False
9,38,3600,train,6.916409015655518,0.009444444440305233,0.0,False
7,38,3700,train,2.515678882598877,0.37891891598701477,0.12406002710876804,False
0,38,3800,train,2.541018486022949,0.3689473569393158,0.12484525433410441,False
1,38,3800,train,2.450408697128296,0.39605262875556946,0.13402704627542927,False
2,38,3800,train,7.019516468048096,0.009736842475831509,0.0,False
3,38,3800,train,2.5180861949920654,0.36815789341926575,0.12716905982523397,False
4,38,3800,train,2.5263400077819824,0.362894743680954,0.1263326734625224,False
5,38,3800,train,2.6000304222106934,0.35499998927116394,0.11886537813374634,False
6,38,3800,train,2.5372350215911865,0.36710527539253235,0.12522864539652304,False
8,38,1000,test,2.8839733600616455,0.2809999883174896,0.11947191546367253,False
9,38,1000,test,2.995903491973877,0.27799999713897705,0.0,False
7,38,1000,test,2.9170193672180176,0.2809999883174896,0.12406002710876804,False
0,38,1000,test,2.9279375076293945,0.296999990940094,0.12484525433410441,False
1,38,1000,test,2.8314404487609863,0.31200000643730164,0.13402704627542927,False
2,38,1000,test,2.923182725906372,0.2800000011920929,0.0,False
3,38,1000,test,2.9305832386016846,0.28999999165534973,0.12716905982523397,False
4,38,1000,test,2.9424800872802734,0.29100000858306885,0.1263326734625224,False
5,38,1000,test,2.824521541595459,0.3089999854564667,0.11886537813374634,False
6,38,1000,test,2.925366163253784,0.2980000078678131,0.12522864539652304,False
8,39,3600,train,2.5157783031463623,0.36500000953674316,0.11874099409540628,False
9,39,3600,train,6.94159460067749,0.009166666306555271,0.0,False
7,39,3700,train,2.4917359352111816,0.3818919062614441,0.12441153534543871,False
0,39,3800,train,2.5180962085723877,0.37368419766426086,0.12510283490642493,False
1,39,3800,train,2.438035488128662,0.4007894694805145,0.1332156545780558,False
2,39,3800,train,7.021385669708252,0.010789473541080952,0.0,False
3,39,3800,train,2.5049967765808105,0.37078946828842163,0.12643024401490474,False
4,39,3800,train,2.5197834968566895,0.3652631640434265,0.12493185636028235,False
5,39,3800,train,2.561025857925415,0.3644736707210541,0.12075263043865149,False
6,39,3800,train,2.505154609680176,0.37526315450668335,0.12641425026083575,False
8,39,1000,test,2.8820130825042725,0.2800000011920929,0.11874099409540628,False
9,39,1000,test,2.987349510192871,0.27799999713897705,0.0,False
7,39,1000,test,2.9061384201049805,0.2800000011920929,0.12441153534543871,False
0,39,1000,test,2.918715476989746,0.2939999997615814,0.12510283490642493,False
1,39,1000,test,2.8198540210723877,0.3070000112056732,0.1332156545780558,False
2,39,1000,test,2.9130799770355225,0.27900001406669617,0.0,False
3,39,1000,test,2.9104745388031006,0.296999990940094,0.12643024401490474,False
4,39,1000,test,2.93280291557312,0.29499998688697815,0.12493185636028235,False
5,39,1000,test,2.818362236022949,0.3050000071525574,0.12075263043865149,False
6,39,1000,test,2.9227800369262695,0.296999990940094,0.12641425026083575,False
8,40,3600,train,2.4918575286865234,0.37138888239860535,0.11884506879534039,False
9,40,3600,train,6.968055248260498,0.008888889104127884,0.0,False
7,40,3700,train,2.4783902168273926,0.3864865005016327,0.12347509547642299,False
0,40,3800,train,2.491762638092041,0.37842103838920593,0.12545718819754462,False
1,40,3800,train,2.409432888031006,0.40368419885635376,0.1337999362037295,False
2,40,3800,train,7.082314491271973,0.01026315800845623,0.0,False
3,40,3800,train,2.4771440029144287,0.3781578838825226,0.12693854322887602,False
4,40,3800,train,2.4811418056488037,0.37263157963752747,0.12653343255179267,False
5,40,3800,train,2.549689292907715,0.37078946828842163,0.11958728717622301,False
6,40,3800,train,2.492687702178955,0.37526315450668335,0.12536344837007066,False
8,40,1000,test,2.864377975463867,0.28600001335144043,0.11884506879534039,False
9,40,1000,test,2.9699325561523438,0.2809999883174896,0.0,False
7,40,1000,test,2.8970961570739746,0.2849999964237213,0.12347509547642299,False
0,40,1000,test,2.908674716949463,0.29899999499320984,0.12545718819754462,False
1,40,1000,test,2.8037683963775635,0.3179999887943268,0.1337999362037295,False
2,40,1000,test,2.9045217037200928,0.28299999237060547,0.0,False
3,40,1000,test,2.909985065460205,0.29600000381469727,0.12693854322887602,False
4,40,1000,test,2.9235899448394775,0.29499998688697815,0.12653343255179267,False
5,40,1000,test,2.8082168102264404,0.31299999356269836,0.11958728717622301,False
6,40,1000,test,2.9118072986602783,0.29600000381469727,0.12536344837007066,False
