5,1,4400,train,2.200222969055176,0.321363627910614,0.10408991388391564,False
6,1,4400,train,2.3058581352233887,0.10113636404275894,0.0937611420808015,False
7,1,4400,train,2.199648141860962,0.3156818151473999,0.10414611920957212,False
8,1,4400,train,2.306440830230713,0.10568182170391083,0.09370416745786313,False
9,1,4400,train,2.309946298599243,0.09409090876579285,0.09336141055071795,False
0,1,4600,train,2.3115718364715576,0.0949999988079071,0.09743894493668169,False
1,1,4600,train,2.195277690887451,0.3310869634151459,0.10932679092972368,False
2,1,4600,train,2.312021017074585,0.09239130467176437,0.09739302869726112,False
3,1,4600,train,2.3080830574035645,0.1063043475151062,0.09779557568585431,False
4,1,4600,train,2.198641777038574,0.3193478286266327,0.10898290656760888,False
5,1,1000,test,2.2023327350616455,0.3089999854564667,0.10408991388391564,False
6,1,1000,test,2.1933271884918213,0.33500000834465027,0.0937611420808015,False
7,1,1000,test,2.1999480724334717,0.30000001192092896,0.10414611920957212,False
8,1,1000,test,2.2026264667510986,0.3109999895095825,0.09370416745786313,False
9,1,1000,test,2.2119979858398438,0.2919999957084656,0.09336141055071795,False
0,1,1000,test,2.1929752826690674,0.3569999933242798,0.09743894493668169,False
1,1,1000,test,2.2041749954223633,0.3140000104904175,0.10932679092972368,False
2,1,1000,test,2.1957006454467773,0.34200000762939453,0.09739302869726112,False
3,1,1000,test,2.196075439453125,0.3319999873638153,0.09779557568585431,False
4,1,1000,test,2.196044445037842,0.3240000009536743,0.10898290656760888,False
5,2,4400,train,2.0503952503204346,0.4388636350631714,0.11405139892012985,False
6,2,4400,train,2.324066400527954,0.10227272659540176,0.08729244201095016,False
7,2,4400,train,2.052588701248169,0.4240909218788147,0.11383692816275137,False
8,2,4400,train,2.3219716548919678,0.10318181663751602,0.08749726158424659,False
9,2,4400,train,2.3299028873443604,0.09727272391319275,0.08672176330001265,False
0,2,4600,train,2.3319783210754395,0.10347826033830643,0.09045150618376555,False
1,2,4600,train,2.0473620891571045,0.4389130473136902,0.11954560989097311,False
2,2,4600,train,2.3346810340881348,0.09608695656061172,0.09017522885357891,False
3,2,4600,train,2.323215961456299,0.11086956411600113,0.09134721405594436,False
4,2,4600,train,2.051910638809204,0.43521738052368164,0.11908064703764737,False
5,2,1000,test,2.0577809810638428,0.42399999499320984,0.11405139892012985,False
6,2,1000,test,2.043097496032715,0.4350000023841858,0.08729244201095016,False
7,2,1000,test,2.055264949798584,0.4259999990463257,0.11383692816275137,False
8,2,1000,test,2.0573160648345947,0.42399999499320984,0.08749726158424659,False
9,2,1000,test,2.07190203666687,0.4180000126361847,0.08672176330001265,False
0,2,1000,test,2.0382933616638184,0.4580000042915344,0.09045150618376555,False
1,2,1000,test,2.0605170726776123,0.43799999356269836,0.11954560989097311,False
2,2,1000,test,2.0507473945617676,0.4580000042915344,0.09017522885357891,False
3,2,1000,test,2.042736530303955,0.4269999861717224,0.09134721405594436,False
4,2,1000,test,2.045586109161377,0.4440000057220459,0.11908064703764737,False
5,3,4400,train,1.9550042152404785,0.5159090757369995,0.12065273770461847,False
6,3,4400,train,2.3416779041290283,0.10022727400064468,0.08284464367996025,False
7,3,4400,train,1.956727147102356,0.49636363983154297,0.12048427325590157,False
8,3,4400,train,2.3399741649627686,0.10068181902170181,0.0830112315095501,False
9,3,4400,train,2.349491596221924,0.09636363387107849,0.08208063823087713,False
0,3,4600,train,2.349102735519409,0.10260869562625885,0.0858513265374266,False
1,3,4600,train,1.9493614435195923,0.5032608509063721,0.1267137697196301,False
2,3,4600,train,2.3542516231536865,0.09391304105520248,0.08532499580147825,False
3,3,4600,train,2.3378708362579346,0.10869564861059189,0.08699947623971066,False
4,3,4600,train,1.9559829235076904,0.5139130353927612,0.12603690732084674,False
5,3,1000,test,1.9618234634399414,0.5059999823570251,0.12065273770461847,False
6,3,1000,test,1.947762131690979,0.5170000195503235,0.08284464367996025,False
7,3,1000,test,1.9613261222839355,0.4970000088214874,0.12048427325590157,False
8,3,1000,test,1.9632207155227661,0.49399998784065247,0.0830112315095501,False
9,3,1000,test,1.9818989038467407,0.49000000953674316,0.08208063823087713,False
0,3,1000,test,1.9374620914459229,0.5360000133514404,0.0858513265374266,False
1,3,1000,test,1.9681986570358276,0.4909999966621399,0.1267137697196301,False
2,3,1000,test,1.950882077217102,0.5260000228881836,0.08532499580147825,False
3,3,1000,test,1.938629388809204,0.5139999985694885,0.08699947623971066,False
4,3,1000,test,1.9506535530090332,0.5170000195503235,0.12603690732084674,False
5,4,4400,train,1.8595499992370605,0.5600000023841858,0.1277891050833243,False
6,4,4400,train,2.3674216270446777,0.10249999910593033,0.07813054591991284,False
7,4,4400,train,1.8625881671905518,0.5509091019630432,0.12749203977231627,False
8,4,4400,train,2.36527156829834,0.10590909421443939,0.07834077388622143,False
9,4,4400,train,2.376688003540039,0.09772727638483047,0.07722450021814417,False
0,4,4600,train,2.3746676445007324,0.10173913091421127,0.08094123036419905,False
1,4,4600,train,1.8540645837783813,0.5530434846878052,0.13415843212692827,False
2,4,4600,train,2.3816120624542236,0.09847825765609741,0.08023135652895327,False
3,4,4600,train,2.3623404502868652,0.10586956888437271,0.08220134355050547,False
4,4,4600,train,1.860597014427185,0.5597826242446899,0.133490672549495,False
5,4,1000,test,1.8692896366119385,0.5490000247955322,0.1277891050833243,False
6,4,1000,test,1.8528584241867065,0.5669999718666077,0.07813054591991284,False
7,4,1000,test,1.8714556694030762,0.5289999842643738,0.12749203977231627,False
8,4,1000,test,1.868190884590149,0.5389999747276306,0.07834077388622143,False
9,4,1000,test,1.8910130262374878,0.5360000133514404,0.07722450021814417,False
0,4,1000,test,1.8388004302978516,0.5720000267028809,0.08094123036419905,False
1,4,1000,test,1.8766909837722778,0.5410000085830688,0.13415843212692827,False
2,4,1000,test,1.8554147481918335,0.5759999752044678,0.08023135652895327,False
3,4,1000,test,1.8422971963882446,0.5550000071525574,0.08220134355050547,False
4,4,1000,test,1.8567043542861938,0.5640000104904175,0.133490672549495,False
5,5,4400,train,1.7436933517456055,0.5915908813476562,0.1370319865756565,False
6,5,4400,train,2.4087588787078857,0.10113636404275894,0.07200335727267797,False
7,5,4400,train,1.7466347217559814,0.589090883731842,0.13674438595241972,False
8,5,4400,train,2.4063944816589355,0.10340908914804459,0.07223454276190866,False
9,5,4400,train,2.41961407661438,0.09772727638483047,0.07094196014404298,False
0,5,4600,train,2.4155983924865723,0.10152173787355423,0.07457708685133194,False
1,5,4600,train,1.7389602661132812,0.5834782719612122,0.1437445397694906,False
2,5,4600,train,2.4249215126037598,0.09978260844945908,0.07362405679490833,False
3,5,4600,train,2.402641534805298,0.104347825050354,0.07590156563652889,False
4,5,4600,train,1.744321346282959,0.5899999737739563,0.14319651824103463,False
5,5,1000,test,1.7582552433013916,0.5709999799728394,0.1370319865756565,False
6,5,1000,test,1.7391157150268555,0.578000009059906,0.07200335727267797,False
7,5,1000,test,1.761893391609192,0.550000011920929,0.13674438595241972,False
8,5,1000,test,1.7538471221923828,0.5740000009536743,0.07223454276190866,False
9,5,1000,test,1.7793400287628174,0.5690000057220459,0.07094196014404298,False
0,5,1000,test,1.7209513187408447,0.6100000143051147,0.07457708685133194,False
1,5,1000,test,1.7635339498519897,0.5849999785423279,0.1437445397694906,False
2,5,1000,test,1.7395812273025513,0.6010000109672546,0.07362405679490833,False
3,5,1000,test,1.725292682647705,0.5699999928474426,0.07590156563652889,False
4,5,1000,test,1.7422194480895996,0.6039999723434448,0.14319651824103463,False
5,6,4400,train,1.6103347539901733,0.6163636445999146,0.14872723793218165,False
6,6,4400,train,2.472734212875366,0.1052272692322731,0.06440373528562945,False
7,6,4400,train,1.6121695041656494,0.6129545569419861,0.1485478401372462,False
8,6,4400,train,2.4726860523223877,0.10363636165857315,0.06440844431747623,False
9,6,4400,train,2.487001895904541,0.0949999988079071,0.06300867294499903,False
0,6,4600,train,2.480417013168335,0.10195652395486832,0.0665458248797758,False
1,6,4600,train,1.6048364639282227,0.6147826313972473,0.15604961435765394,False
2,6,4600,train,2.4942386150360107,0.1023913025856018,0.06513295002219117,False
3,6,4600,train,2.4696123600006104,0.10369565337896347,0.06765030053692099,False
4,6,4600,train,1.6099648475646973,0.6113043427467346,0.15552537958592544,False
5,6,1000,test,1.625594139099121,0.5979999899864197,0.14872723793218165,False
6,6,1000,test,1.6042929887771606,0.6179999709129333,0.06440373528562945,False
7,6,1000,test,1.6347178220748901,0.5799999833106995,0.1485478401372462,False
8,6,1000,test,1.6202993392944336,0.6119999885559082,0.06440844431747623,False
9,6,1000,test,1.6487711668014526,0.5849999785423279,0.06300867294499903,False
0,6,1000,test,1.584248661994934,0.628000020980835,0.0665458248797758,False
1,6,1000,test,1.631387710571289,0.609000027179718,0.15604961435765394,False
2,6,1000,test,1.6024402379989624,0.6200000047683716,0.06513295002219117,False
3,6,1000,test,1.5945967435836792,0.6019999980926514,0.06765030053692099,False
4,6,1000,test,1.6074683666229248,0.6309999823570251,0.15552537958592544,False
5,7,4400,train,1.5091863870620728,0.6359090805053711,0.15845272654780637,False
6,7,4400,train,2.537055730819702,0.10499999672174454,0.057949946269282605,False
7,7,4400,train,1.5097007751464844,0.6329545378684998,0.15840243082399721,False
8,7,4400,train,2.5390570163726807,0.10409090667963028,0.05775426501521359,False
9,7,4400,train,2.553910493850708,0.09613636136054993,0.05630192499513981,False
0,7,4600,train,2.5432705879211426,0.10391304641962051,0.05994873823236537,False
1,7,4600,train,1.501605749130249,0.6373913288116455,0.16643003286432337,False
2,7,4600,train,2.5619702339172363,0.10695651918649673,0.05803721886387579,False
3,7,4600,train,2.5351483821868896,0.10260869562625885,0.060779008151866785,False
4,7,4600,train,1.5063632726669312,0.6297826170921326,0.16594370823612922,False
5,7,1000,test,1.5261623859405518,0.6190000176429749,0.15845272654780637,False
6,7,1000,test,1.503217339515686,0.6420000195503235,0.057949946269282605,False
7,7,1000,test,1.5347472429275513,0.6050000190734863,0.15840243082399721,False
8,7,1000,test,1.518372893333435,0.6420000195503235,0.05775426501521359,False
9,7,1000,test,1.548953890800476,0.6169999837875366,0.05630192499513981,False
0,7,1000,test,1.479508876800537,0.6420000195503235,0.05994873823236537,False
1,7,1000,test,1.5305291414260864,0.6320000290870667,0.16643003286432337,False
2,7,1000,test,1.496923565864563,0.6449999809265137,0.05803721886387579,False
3,7,1000,test,1.4824011325836182,0.6330000162124634,0.060779008151866785,False
4,7,1000,test,1.5065091848373413,0.6470000147819519,0.16594370823612922,False
5,8,4400,train,1.3983744382858276,0.6524999737739563,0.17016717733689296,False
6,8,4400,train,2.6249358654022217,0.10386363416910172,0.0502367266855122,False
7,8,4400,train,1.3987464904785156,0.6522727012634277,0.17013079890027458,False
8,8,4400,train,2.629155397415161,0.10477272421121597,0.049824150222024785,False
9,8,4400,train,2.6422677040100098,0.09522727131843567,0.048542058021639585,False
0,8,4600,train,2.6300361156463623,0.104347825050354,0.0519988553482809,False
1,8,4600,train,1.3918025493621826,0.6510869860649109,0.17857384212399705,False
2,8,4600,train,2.6528875827789307,0.10608695447444916,0.04966292759695169,False
3,8,4600,train,2.624169111251831,0.10217390954494476,0.05259859357527743,False
4,8,4600,train,1.3948251008987427,0.6432608962059021,0.1782648701891487,False
5,8,1000,test,1.4163554906845093,0.6320000290870667,0.17016717733689296,False
6,8,1000,test,1.3961902856826782,0.6470000147819519,0.0502367266855122,False
7,8,1000,test,1.4265421628952026,0.6190000176429749,0.17013079890027458,False
8,8,1000,test,1.4082366228103638,0.6579999923706055,0.049824150222024785,False
9,8,1000,test,1.441558837890625,0.628000020980835,0.048542058021639585,False
0,8,1000,test,1.3669116497039795,0.6489999890327454,0.0519988553482809,False
1,8,1000,test,1.4201998710632324,0.6359999775886536,0.17857384212399705,False
2,8,1000,test,1.3829232454299927,0.6549999713897705,0.04966292759695169,False
3,8,1000,test,1.3726977109909058,0.6480000019073486,0.05259859357527743,False
4,8,1000,test,1.3975943326950073,0.6570000052452087,0.1782648701891487,False
5,9,4400,train,1.3033982515335083,0.6615909337997437,0.18123299908579135,False
6,9,4400,train,2.7175803184509277,0.10340908914804459,0.042957419209421435,False
7,9,4400,train,1.303892970085144,0.6618182063102722,0.18118462660518694,False
8,9,4400,train,2.722322702407837,0.10568182170391083,0.04249371944474587,False
9,9,4400,train,2.736793041229248,0.09318181872367859,0.04107884187109678,False
0,9,4600,train,2.7206811904907227,0.10413043200969696,0.04459305114275145,False
1,9,4600,train,1.2971503734588623,0.6593478322029114,0.19010953466156386,False
2,9,4600,train,2.748558521270752,0.10173913091421127,0.041743368440792905,False
3,9,4600,train,2.719186782836914,0.10326086729764938,0.044745812814029666,False
4,9,4600,train,1.2995853424072266,0.6534782648086548,0.18986062672461995,False
5,9,1000,test,1.3230133056640625,0.640999972820282,0.18123299908579135,False
6,9,1000,test,1.3009815216064453,0.656000018119812,0.042957419209421435,False
7,9,1000,test,1.335038185119629,0.6290000081062317,0.18118462660518694,False
8,9,1000,test,1.3129767179489136,0.6639999747276306,0.04249371944474587,False
9,9,1000,test,1.3468265533447266,0.6449999809265137,0.04107884187109678,False
0,9,1000,test,1.2716273069381714,0.6679999828338623,0.04459305114275145,False
1,9,1000,test,1.3255727291107178,0.6499999761581421,0.19010953466156386,False
2,9,1000,test,1.28639554977417,0.6669999957084656,0.041743368440792905,False
3,9,1000,test,1.2775343656539917,0.656000018119812,0.044745812814029666,False
4,9,1000,test,1.3037930727005005,0.6700000166893005,0.18986062672461995,False
5,10,4400,train,1.194737195968628,0.6729545593261719,0.19601756074222515,False
6,10,4400,train,2.860090970993042,0.10386363416910172,0.03318296940650467,False
7,10,4400,train,1.1956251859664917,0.6729545593261719,0.19593073505354514,False
8,10,4400,train,2.865910768508911,0.10477272421121597,0.03261392253828635,False
9,10,4400,train,2.878939628601074,0.09295454621315002,0.03133998955149707,False
0,10,4600,train,2.8612914085388184,0.10499999672174454,0.034568574804141175,False
1,10,4600,train,1.1901689767837524,0.6728261113166809,0.2053944233835479,False
2,10,4600,train,2.893885374069214,0.10217390954494476,0.031236747216589634,False
3,10,4600,train,2.8628602027893066,0.10413043200969696,0.03440820916964682,False
4,10,4600,train,1.1910254955291748,0.667391300201416,0.20530686813401586,False
5,10,1000,test,1.2173097133636475,0.6520000100135803,0.19601756074222515,False
6,10,1000,test,1.1946381330490112,0.6679999828338623,0.03318296940650467,False
7,10,1000,test,1.2296690940856934,0.6539999842643738,0.19593073505354514,False
8,10,1000,test,1.2043828964233398,0.6759999990463257,0.03261392253828635,False
9,10,1000,test,1.2404429912567139,0.6610000133514404,0.03133998955149707,False
0,10,1000,test,1.1619435548782349,0.6729999780654907,0.034568574804141175,False
1,10,1000,test,1.2161682844161987,0.6610000133514404,0.2053944233835479,False
2,10,1000,test,1.1776230335235596,0.675000011920929,0.031236747216589634,False
3,10,1000,test,1.168190836906433,0.6600000262260437,0.03440820916964682,False
4,10,1000,test,1.1982754468917847,0.6729999780654907,0.20530686813401586,False
5,11,4400,train,1.0796936750411987,0.6920454502105713,0.2153265410811813,False
6,11,4400,train,3.0717310905456543,0.10295454412698746,0.02054954934296786,False
7,11,4400,train,1.0842030048370361,0.6863636374473572,0.21488562883447718,False
8,11,4400,train,3.0793488025665283,0.10454545170068741,0.019804706389815734,False
9,11,4400,train,3.0914950370788574,0.09295454621315002,0.01861707457083244,False
0,11,4600,train,3.0711960792541504,0.10478261113166809,0.021538309810779727,False
1,11,4600,train,1.078547477722168,0.688043475151062,0.22523127796738238,False
2,11,4600,train,3.1105058193206787,0.10413043200969696,0.017519980826201275,False
3,11,4600,train,3.0742106437683105,0.10478261113166809,0.02123015432711002,False
4,11,4600,train,1.0779067277908325,0.6821739077568054,0.22529677684925223,False
5,11,1000,test,1.1045113801956177,0.6769999861717224,0.2153265410811813,False
6,11,1000,test,1.0858830213546753,0.6930000185966492,0.02054954934296786,False
7,11,1000,test,1.119794487953186,0.6650000214576721,0.21488562883447718,False
8,11,1000,test,1.0926259756088257,0.6940000057220459,0.019804706389815734,False
9,11,1000,test,1.1294888257980347,0.675000011920929,0.01861707457083244,False
0,11,1000,test,1.0456396341323853,0.6880000233650208,0.021538309810779727,False
1,11,1000,test,1.1048262119293213,0.6769999861717224,0.22523127796738238,False
2,11,1000,test,1.0603845119476318,0.6859999895095825,0.017519980826201275,False
3,11,1000,test,1.0555733442306519,0.6880000233650208,0.02123015432711002,False
4,11,1000,test,1.0890343189239502,0.6890000104904175,0.22529677684925223,False
5,12,4400,train,0.9711858630180359,0.7136363387107849,0.2386081802768472,False
6,12,4400,train,3.3591935634613037,0.10295454412698746,0.005114094011283221,False
7,12,4400,train,0.9776469469070435,0.7081817984580994,0.23797642985214423,False
8,12,4400,train,3.3665435314178467,0.10386363416910172,0.004395430477754575,False
9,12,4400,train,3.3760738372802734,0.09477272629737854,0.003463578348983959,False
0,12,4600,train,3.3555080890655518,0.10478261113166809,0.005723290212654779,False
1,12,4600,train,0.9734286665916443,0.7049999833106995,0.2492247422877653,False
2,12,4600,train,3.401632785797119,0.10130434483289719,0.0010083212134278912,False
3,12,4600,train,3.361081600189209,0.10478261113166809,0.0051535535200142625,False
4,12,4600,train,0.9723756909370422,0.7017391324043274,0.24933237979912462,False
5,12,1000,test,0.9993061423301697,0.6909999847412109,0.2386081802768472,False
6,12,1000,test,0.9801731109619141,0.7020000219345093,0.005114094011283221,False
7,12,1000,test,1.0155709981918335,0.6779999732971191,0.23797642985214423,False
8,12,1000,test,0.9864470362663269,0.7120000123977661,0.004395430477754575,False
9,12,1000,test,1.0264569520950317,0.6980000138282776,0.003463578348983959,False
0,12,1000,test,0.9367274641990662,0.7129999995231628,0.005723290212654779,False
1,12,1000,test,0.9987514615058899,0.6970000267028809,0.2492247422877653,False
2,12,1000,test,0.9532487988471985,0.6959999799728394,0.0010083212134278912,False
3,12,1000,test,0.9475345015525818,0.7110000252723694,0.0051535535200142625,False
4,12,1000,test,0.9859676361083984,0.7049999833106995,0.24933237979912462,False
5,13,4400,train,0.8494840264320374,0.7245454788208008,0.24492044525970644,False
6,13,4400,train,3.9049603939056396,0.10363636165857315,0.0,False
7,13,4400,train,0.8594168424606323,0.7161363363265991,0.24394923658135492,False
8,13,4400,train,3.912499189376831,0.10340908914804459,0.0,False
9,13,4400,train,3.9217333793640137,0.09204545617103577,0.0,False
0,13,4600,train,3.898324966430664,0.1028260886669159,0.0,False
1,13,4600,train,0.8543924689292908,0.7139130234718323,0.25555144087179205,False
2,13,4600,train,3.9559340476989746,0.10130434483289719,0.0,False
3,13,4600,train,3.9090888500213623,0.10326086729764938,0.0,False
4,13,4600,train,0.8541240692138672,0.7141304612159729,0.25557887728714646,False
5,13,1000,test,0.8809065222740173,0.7080000042915344,0.24492044525970644,False
6,13,1000,test,0.864051878452301,0.7070000171661377,0.0,False
7,13,1000,test,0.9008615016937256,0.6970000267028809,0.24394923658135492,False
8,13,1000,test,0.8699593544006348,0.7200000286102295,0.0,False
9,13,1000,test,0.9104155898094177,0.7080000042915344,0.0,False
0,13,1000,test,0.8167192339897156,0.7269999980926514,0.0,False
1,13,1000,test,0.8813261389732361,0.7059999704360962,0.25555144087179205,False
2,13,1000,test,0.8359664082527161,0.7080000042915344,0.0,False
3,13,1000,test,0.8282079100608826,0.7250000238418579,0.0,False
4,13,1000,test,0.868361234664917,0.7229999899864197,0.25557887728714646,False
5,14,4400,train,0.8209071755409241,0.7379545569419861,0.24501163599814896,False
6,14,4400,train,3.9749090671539307,0.10181818157434464,0.0,False
7,14,4400,train,0.8324572443962097,0.730681836605072,0.2438822959322988,False
8,14,4400,train,3.9797070026397705,0.10545454174280167,0.0,False
9,14,4400,train,3.9895458221435547,0.09522727131843567,0.0,False
0,14,4600,train,3.9672656059265137,0.10195652395486832,0.0,False
1,14,4600,train,0.8271727561950684,0.7317391037940979,0.2555080469655402,False
2,14,4600,train,4.022611141204834,0.10195652395486832,0.0,False
3,14,4600,train,3.9778923988342285,0.10478261113166809,0.0,False
4,14,4600,train,0.8262925744056702,0.7234782576560974,0.255598021104012,False
5,14,1000,test,0.8513546586036682,0.7269999980926514,0.24501163599814896,False
6,14,1000,test,0.8396941423416138,0.7099999785423279,0.0,False
7,14,1000,test,0.8732442855834961,0.7080000042915344,0.2438822959322988,False
8,14,1000,test,0.8416106700897217,0.7279999852180481,0.0,False
9,14,1000,test,0.8805475831031799,0.7160000205039978,0.0,False
0,14,1000,test,0.7877727746963501,0.7350000143051147,0.0,False
1,14,1000,test,0.851546585559845,0.7239999771118164,0.2555080469655402,False
2,14,1000,test,0.8112959861755371,0.7279999852180481,0.0,False
3,14,1000,test,0.800931990146637,0.7459999918937683,0.0,False
4,14,1000,test,0.8402376770973206,0.7279999852180481,0.255598021104012,False
5,15,4400,train,0.7919122576713562,0.7529545426368713,0.24507775528636977,False
6,15,4400,train,4.051020622253418,0.10181818157434464,0.0,False
7,15,4400,train,0.8048581480979919,0.7450000047683716,0.24381193488909872,False
8,15,4400,train,4.058865547180176,0.10568182170391083,0.0,False
9,15,4400,train,4.064687728881836,0.09522727131843567,0.0,False
0,15,4600,train,4.03975772857666,0.10326086729764938,0.0,False
1,15,4600,train,0.7990347146987915,0.7467391490936279,0.25548957986890536,False
2,15,4600,train,4.098958969116211,0.1008695662021637,0.0,False
3,15,4600,train,4.058056831359863,0.10565217584371567,0.0,False
4,15,4600,train,0.7977517247200012,0.7389130592346191,0.2556207299556261,False
5,15,1000,test,0.8244235515594482,0.7390000224113464,0.24507775528636977,False
6,15,1000,test,0.8119844198226929,0.7419999837875366,0.0,False
7,15,1000,test,0.8448659181594849,0.7170000076293945,0.24381193488909872,False
8,15,1000,test,0.8141864538192749,0.7419999837875366,0.0,False
9,15,1000,test,0.8513081669807434,0.7379999756813049,0.0,False
0,15,1000,test,0.7601257562637329,0.7519999742507935,0.0,False
1,15,1000,test,0.8239189982414246,0.7409999966621399,0.25548957986890536,False
2,15,1000,test,0.7847253680229187,0.7419999837875366,0.0,False
3,15,1000,test,0.7711278796195984,0.7590000033378601,0.0,False
4,15,1000,test,0.8131146430969238,0.7429999709129333,0.2556207299556261,False
5,16,4400,train,0.7778713703155518,0.7574999928474426,0.24517291198542088,False
6,16,4400,train,4.0384368896484375,0.09977272897958755,0.0,False
7,16,4400,train,0.7926554679870605,0.7520454525947571,0.24372735576865112,False
8,16,4400,train,4.043205261230469,0.10659091174602509,0.0,False
9,16,4400,train,4.051599979400635,0.0981818214058876,0.0,False
0,16,4600,train,4.023263931274414,0.10260869562625885,0.0,False
1,16,4600,train,0.7860679626464844,0.7545652389526367,0.25547926137476795,False
2,16,4600,train,4.081610679626465,0.10152173787355423,0.0,False
3,16,4600,train,4.042870998382568,0.10586956888437271,0.0,False
4,16,4600,train,0.7846865653991699,0.7460869550704956,0.2556204708711601,False
5,16,1000,test,0.8112385869026184,0.7459999918937683,0.24517291198542088,False
6,16,1000,test,0.7995828986167908,0.7390000224113464,0.0,False
7,16,1000,test,0.831512987613678,0.7229999899864197,0.24372735576865112,False
8,16,1000,test,0.8016818761825562,0.7450000047683716,0.0,False
9,16,1000,test,0.8380390405654907,0.7409999966621399,0.0,False
0,16,1000,test,0.7466354370117188,0.7559999823570251,0.0,False
1,16,1000,test,0.8096958994865417,0.746999979019165,0.25547926137476795,False
2,16,1000,test,0.7726477384567261,0.7480000257492065,0.0,False
3,16,1000,test,0.7596420645713806,0.7630000114440918,0.0,False
4,16,1000,test,0.7996640801429749,0.7480000257492065,0.2556204708711601,False
5,17,4400,train,0.7517027854919434,0.7613636255264282,0.24517339661680623,False
6,17,4400,train,4.210972785949707,0.10113636404275894,0.0,False
7,17,4400,train,0.7667180299758911,0.7586363554000854,0.2437052393783758,False
8,17,4400,train,4.216907978057861,0.10568182170391083,0.0,False
9,17,4400,train,4.22445821762085,0.09704545140266418,0.0,False
0,17,4600,train,4.194213390350342,0.10413043200969696,0.0,False
1,17,4600,train,0.760002851486206,0.7610869407653809,0.2554691907270455,False
2,17,4600,train,4.255316257476807,0.10043478012084961,0.0,False
3,17,4600,train,4.218305587768555,0.10543478280305862,0.0,False
4,17,4600,train,0.7582128047943115,0.7504347562789917,0.2556521732777725,False
5,17,1000,test,0.7860422730445862,0.746999979019165,0.24517339661680623,False
6,17,1000,test,0.771981954574585,0.7480000257492065,0.0,False
7,17,1000,test,0.8044372200965881,0.7360000014305115,0.2437052393783758,False
8,17,1000,test,0.7757470011711121,0.7519999742507935,0.0,False
9,17,1000,test,0.8143983483314514,0.75,0.0,False
0,17,1000,test,0.7205782532691956,0.7689999938011169,0.0,False
1,17,1000,test,0.7859112024307251,0.7490000128746033,0.2554691907270455,False
2,17,1000,test,0.7467844486236572,0.7540000081062317,0.0,False
3,17,1000,test,0.7342967987060547,0.7599999904632568,0.0,False
4,17,1000,test,0.7736879587173462,0.7540000081062317,0.2556521732777725,False
5,18,4400,train,0.7401958107948303,0.774545431137085,0.24515707164929237,False
6,18,4400,train,4.174314022064209,0.10068181902170181,0.0,False
7,18,4400,train,0.7551890015602112,0.7649999856948853,0.24369107077445515,False
8,18,4400,train,4.178707599639893,0.10431817919015884,0.0,False
9,18,4400,train,4.185577392578125,0.09772727638483047,0.0,False
0,18,4600,train,4.154160499572754,0.10304348170757294,0.0,False
1,18,4600,train,0.7482653260231018,0.77173912525177,0.2554756911271884,False
2,18,4600,train,4.214875221252441,0.09978260844945908,0.0,False
3,18,4600,train,4.180161476135254,0.1063043475151062,0.0,False
4,18,4600,train,0.7463041543960571,0.7628260850906372,0.25567616644906405,False
5,18,1000,test,0.7751465439796448,0.7570000290870667,0.24515707164929237,False
6,18,1000,test,0.7644573450088501,0.7490000128746033,0.0,False
7,18,1000,test,0.7931897640228271,0.7440000176429749,0.24369107077445515,False
8,18,1000,test,0.7648541331291199,0.753000020980835,0.0,False
9,18,1000,test,0.8030099868774414,0.7570000290870667,0.0,False
0,18,1000,test,0.7097636461257935,0.7739999890327454,0.0,False
1,18,1000,test,0.773215115070343,0.7570000290870667,0.2554756911271884,False
2,18,1000,test,0.7389194369316101,0.765999972820282,0.0,False
3,18,1000,test,0.7207369804382324,0.7789999842643738,0.0,False
4,18,1000,test,0.7630611658096313,0.7639999985694885,0.25567616644906405,False
5,19,4400,train,0.718388020992279,0.7795454263687134,0.2452553579248028,False
6,19,4400,train,4.303566932678223,0.10000000149011612,0.0,False
7,19,4400,train,0.7348352074623108,0.7690908908843994,0.24364718858106635,False
8,19,4400,train,4.308218002319336,0.10386363416910172,0.0,False
9,19,4400,train,4.312443733215332,0.0988636389374733,0.0,False
0,19,4600,train,4.281033039093018,0.104347825050354,0.0,False
1,19,4600,train,0.7278918027877808,0.779347836971283,0.2554318310449153,False
2,19,4600,train,4.343222618103027,0.09934782236814499,0.0,False
3,19,4600,train,4.309055328369141,0.10586956888437271,0.0,False
4,19,4600,train,0.7256047129631042,0.7686956524848938,0.25566562244921553,False
5,19,1000,test,0.7555207014083862,0.7609999775886536,0.2452553579248028,False
6,19,1000,test,0.7433871030807495,0.7549999952316284,0.0,False
7,19,1000,test,0.7708413004875183,0.753000020980835,0.24364718858106635,False
8,19,1000,test,0.7453088760375977,0.7590000033378601,0.0,False
9,19,1000,test,0.783313512802124,0.7649999856948853,0.0,False
0,19,1000,test,0.688202440738678,0.781000018119812,0.0,False
1,19,1000,test,0.7537682056427002,0.7599999904632568,0.2554318310449153,False
2,19,1000,test,0.7193415760993958,0.7739999890327454,0.0,False
3,19,1000,test,0.7004507780075073,0.7860000133514404,0.0,False
4,19,1000,test,0.7422816753387451,0.7710000276565552,0.25566562244921553,False
5,20,4400,train,0.7055122256278992,0.7795454263687134,0.2452312599464699,False
6,20,4400,train,4.36630392074585,0.10181818157434464,0.0,False
7,20,4400,train,0.7214232087135315,0.7695454359054565,0.24367551937809698,False
8,20,4400,train,4.370562553405762,0.10431817919015884,0.0,False
9,20,4400,train,4.375138282775879,0.09954545646905899,0.0,False
0,20,4600,train,4.343073844909668,0.10499999672174454,0.0,False
1,20,4600,train,0.7141733765602112,0.7767391204833984,0.25549277330327913,False
2,20,4600,train,4.403471946716309,0.0989130437374115,0.0,False
3,20,4600,train,4.371917247772217,0.10695651918649673,0.0,False
4,20,4600,train,0.7131200432777405,0.7676087021827698,0.2556004473721539,False
5,20,1000,test,0.7431768774986267,0.7580000162124634,0.2452312599464699,False
6,20,1000,test,0.7305760979652405,0.7580000162124634,0.0,False
7,20,1000,test,0.7591723203659058,0.7450000047683716,0.24367551937809698,False
8,20,1000,test,0.7331799864768982,0.7559999823570251,0.0,False
9,20,1000,test,0.771418571472168,0.7680000066757202,0.0,False
0,20,1000,test,0.6751070022583008,0.777999997138977,0.0,False
1,20,1000,test,0.7418766021728516,0.7620000243186951,0.25549277330327913,False
2,20,1000,test,0.7083823680877686,0.7720000147819519,0.0,False
3,20,1000,test,0.6878331303596497,0.7850000262260437,0.0,False
4,20,1000,test,0.7293887734413147,0.7699999809265137,0.2556004473721539,False
5,21,4400,train,0.6898566484451294,0.7809090614318848,0.2452534429055673,False
6,21,4400,train,4.463934421539307,0.10159090906381607,0.0,False
7,21,4400,train,0.7064269185066223,0.7724999785423279,0.2436332387217769,False
8,21,4400,train,4.4669952392578125,0.10340908914804459,0.0,False
9,21,4400,train,4.471953392028809,0.10000000149011612,0.0,False
0,21,4600,train,4.43846321105957,0.10456521809101105,0.0,False
1,21,4600,train,0.6988176107406616,0.7808695435523987,0.25548531719490336,False
2,21,4600,train,4.500428199768066,0.0989130437374115,0.0,False
3,21,4600,train,4.471118927001953,0.10586956888437271,0.0,False
4,21,4600,train,0.6974217891693115,0.768478274345398,0.2556280011777525,False
5,21,1000,test,0.7276989221572876,0.7649999856948853,0.2452534429055673,False
6,21,1000,test,0.7150678038597107,0.7620000243186951,0.0,False
7,21,1000,test,0.744227945804596,0.7509999871253967,0.2436332387217769,False
8,21,1000,test,0.7182344794273376,0.7599999904632568,0.0,False
9,21,1000,test,0.7569459676742554,0.7670000195503235,0.0,False
0,21,1000,test,0.6585898995399475,0.7860000133514404,0.0,False
1,21,1000,test,0.7269397974014282,0.7620000243186951,0.25548531719490336,False
2,21,1000,test,0.6936398148536682,0.7720000147819519,0.0,False
3,21,1000,test,0.6720863580703735,0.7870000004768372,0.0,False
4,21,1000,test,0.714060366153717,0.7770000100135803,0.2556280011777525,False
5,22,4400,train,0.6720480918884277,0.7909091114997864,0.24527051165663166,False
6,22,4400,train,4.565053939819336,0.10340908914804459,0.0,False
7,22,4400,train,0.6899614334106445,0.7827273011207581,0.24351898493001492,False
8,22,4400,train,4.568783283233643,0.10454545170068741,0.0,False
9,22,4400,train,4.572589874267578,0.09931818395853043,0.0,False
0,22,4600,train,4.538309097290039,0.10543478280305862,0.0,False
1,22,4600,train,0.6812435388565063,0.7928261160850525,0.255479192253984,False
2,22,4600,train,4.601223468780518,0.0969565212726593,0.0,False
3,22,4600,train,4.573549270629883,0.10717391222715378,0.0,False
4,22,4600,train,0.6787771582603455,0.7852174043655396,0.25573131115936937,False
5,22,1000,test,0.7116905450820923,0.7770000100135803,0.24527051165663166,False
6,22,1000,test,0.6983744502067566,0.7739999890327454,0.0,False
7,22,1000,test,0.7246575951576233,0.7630000114440918,0.24351898493001492,False
8,22,1000,test,0.702480137348175,0.7739999890327454,0.0,False
9,22,1000,test,0.7399190068244934,0.7789999842643738,0.0,False
0,22,1000,test,0.641921877861023,0.7910000085830688,0.0,False
1,22,1000,test,0.7106644511222839,0.7720000147819519,0.255479192253984,False
2,22,1000,test,0.6785685420036316,0.7739999890327454,0.0,False
3,22,1000,test,0.6530756950378418,0.8059999942779541,0.0,False
4,22,1000,test,0.6979712843894958,0.7789999842643738,0.25573131115936937,False
5,23,4400,train,0.6689521670341492,0.7959091067314148,0.2452519585762495,False
6,23,4400,train,4.480283737182617,0.10340908914804459,0.0,False
7,23,4400,train,0.6865377426147461,0.7834091186523438,0.24353248007503558,False
8,23,4400,train,4.483353614807129,0.10477272421121597,0.0,False
9,23,4400,train,4.488987445831299,0.09954545646905899,0.0,False
0,23,4600,train,4.452433109283447,0.10413043200969696,0.0,False
1,23,4600,train,0.6777627468109131,0.7939130663871765,0.25549913783132294,False
2,23,4600,train,4.515751361846924,0.09760869294404984,0.0,False
3,23,4600,train,4.488696098327637,0.10586956888437271,0.0,False
4,23,4600,train,0.6756371259689331,0.7906521558761597,0.25571642351739204,False
5,23,1000,test,0.7094553112983704,0.7850000262260437,0.2452519585762495,False
6,23,1000,test,0.6974664926528931,0.7770000100135803,0.0,False
7,23,1000,test,0.7226386070251465,0.7699999809265137,0.24353248007503558,False
8,23,1000,test,0.7006651163101196,0.7760000228881836,0.0,False
9,23,1000,test,0.7355669736862183,0.7770000100135803,0.0,False
0,23,1000,test,0.6394060850143433,0.7929999828338623,0.0,False
1,23,1000,test,0.7065653204917908,0.7749999761581421,0.25549913783132294,False
2,23,1000,test,0.6761142015457153,0.777999997138977,0.0,False
3,23,1000,test,0.6493099331855774,0.8090000152587891,0.0,False
4,23,1000,test,0.6947171688079834,0.7850000262260437,0.25571642351739204,False
5,24,4400,train,0.6579103469848633,0.7965909242630005,0.2452384920532321,False
6,24,4400,train,4.529987335205078,0.10318181663751602,0.0,False
7,24,4400,train,0.6755421161651611,0.7854545712471008,0.24351449684449183,False
8,24,4400,train,4.525811672210693,0.10386363416910172,0.0,False
9,24,4400,train,4.535368919372559,0.10000000149011612,0.0,False
0,24,4600,train,4.495177745819092,0.10413043200969696,0.0,False
1,24,4600,train,0.6668564677238464,0.7954347729682922,0.25547120389526273,False
2,24,4600,train,4.559460639953613,0.09717391431331635,0.0,False
3,24,4600,train,4.534067630767822,0.1063043475151062,0.0,False
4,24,4600,train,0.6638766527175903,0.7932608723640442,0.2557758072070134,False
5,24,1000,test,0.6979361772537231,0.7789999842643738,0.2452384920532321,False
6,24,1000,test,0.6853591799736023,0.781000018119812,0.0,False
7,24,1000,test,0.7115586400032043,0.7639999985694885,0.24351449684449183,False
8,24,1000,test,0.6882021427154541,0.7770000100135803,0.0,False
9,24,1000,test,0.7243039608001709,0.781000018119812,0.0,False
0,24,1000,test,0.6269702911376953,0.796999990940094,0.0,False
1,24,1000,test,0.6952318549156189,0.7730000019073486,0.25547120389526273,False
2,24,1000,test,0.6668025255203247,0.7820000052452087,0.0,False
3,24,1000,test,0.6381122469902039,0.8130000233650208,0.0,False
4,24,1000,test,0.6875332593917847,0.777999997138977,0.2557758072070134,False
5,25,4400,train,0.6495329737663269,0.7961363792419434,0.24525170596440632,False
6,25,4400,train,4.603021144866943,0.10318181663751602,0.0,False
7,25,4400,train,0.6676266193389893,0.7838636636734009,0.24348254950841267,False
8,25,4400,train,4.597315311431885,0.10499999672174454,0.0,False
9,25,4400,train,4.61062479019165,0.10022727400064468,0.0,False
0,25,4600,train,4.565273284912109,0.10499999672174454,0.0,False
1,25,4600,train,0.6584399342536926,0.7980434894561768,0.2554890214867062,False
2,25,4600,train,4.633366584777832,0.09717391431331635,0.0,False
3,25,4600,train,4.609020709991455,0.10543478280305862,0.0,False
4,25,4600,train,0.6556254625320435,0.7908695936203003,0.2557767230404748,False
5,25,1000,test,0.690794825553894,0.7879999876022339,0.24525170596440632,False
6,25,1000,test,0.6764348149299622,0.7820000052452087,0.0,False
7,25,1000,test,0.7037898898124695,0.7639999985694885,0.24348254950841267,False
8,25,1000,test,0.6816257238388062,0.7789999842643738,0.0,False
9,25,1000,test,0.7176766395568848,0.781000018119812,0.0,False
0,25,1000,test,0.6187242865562439,0.7950000166893005,0.0,False
1,25,1000,test,0.6889696717262268,0.7760000228881836,0.2554890214867062,False
2,25,1000,test,0.6584551334381104,0.7820000052452087,0.0,False
3,25,1000,test,0.6319476366043091,0.8149999976158142,0.0,False
4,25,1000,test,0.6757184863090515,0.7860000133514404,0.2557767230404748,False
5,26,4400,train,0.6391838192939758,0.8034090995788574,0.2451807525363969,False
6,26,4400,train,4.662432670593262,0.10363636165857315,0.0,False
7,26,4400,train,0.656661331653595,0.7890909314155579,0.2434718402167897,False
8,26,4400,train,4.655064582824707,0.10499999672174454,0.0,False
9,26,4400,train,4.671191692352295,0.10159090906381607,0.0,False
0,26,4600,train,4.622145652770996,0.10565217584371567,0.0,False
1,26,4600,train,0.6470538377761841,0.800000011920929,0.2555208414189609,False
2,26,4600,train,4.691671848297119,0.09739130735397339,0.0,False
3,26,4600,train,4.667663097381592,0.104347825050354,0.0,False
4,26,4600,train,0.6440630555152893,0.7997826337814331,0.2558265658278524,False
5,26,1000,test,0.6786283254623413,0.7910000085830688,0.2451807525363969,False
6,26,1000,test,0.6654013395309448,0.7879999876022339,0.0,False
7,26,1000,test,0.6916022896766663,0.7749999761581421,0.2434718402167897,False
8,26,1000,test,0.6717050075531006,0.7839999794960022,0.0,False
9,26,1000,test,0.7074070572853088,0.7850000262260437,0.0,False
0,26,1000,test,0.6078100204467773,0.8040000200271606,0.0,False
1,26,1000,test,0.6788805723190308,0.7839999794960022,0.2555208414189609,False
2,26,1000,test,0.6481565237045288,0.7870000004768372,0.0,False
3,26,1000,test,0.6188015341758728,0.8220000267028809,0.0,False
4,26,1000,test,0.6685491800308228,0.7850000262260437,0.2558265658278524,False
5,27,4400,train,0.6405686736106873,0.8043181896209717,0.24519026177606465,False
6,27,4400,train,4.520665168762207,0.10340908914804459,0.0,False
7,27,4400,train,0.6581576466560364,0.7925000190734863,0.24347045107829718,False
8,27,4400,train,4.514026641845703,0.10499999672174454,0.0,False
9,27,4400,train,4.527412414550781,0.10045454651117325,0.0,False
0,27,4600,train,4.479488372802734,0.10543478280305862,0.0,False
1,27,4600,train,0.6486976146697998,0.8008695840835571,0.25550431525560074,False
2,27,4600,train,4.547182083129883,0.09826087206602097,0.0,False
3,27,4600,train,4.525880813598633,0.10499999672174454,0.0,False
4,27,4600,train,0.6454629302024841,0.803260862827301,0.25583497189003745,False
5,27,1000,test,0.6803597211837769,0.7960000038146973,0.24519026177606465,False
6,27,1000,test,0.6692237257957458,0.7879999876022339,0.0,False
7,27,1000,test,0.6931822299957275,0.7760000228881836,0.24347045107829718,False
8,27,1000,test,0.672438383102417,0.7850000262260437,0.0,False
9,27,1000,test,0.7086184620857239,0.7839999794960022,0.0,False
0,27,1000,test,0.611077070236206,0.8069999814033508,0.0,False
1,27,1000,test,0.6792245507240295,0.7799999713897705,0.25550431525560074,False
2,27,1000,test,0.65175861120224,0.7860000133514404,0.0,False
3,27,1000,test,0.6198935508728027,0.8220000267028809,0.0,False
4,27,1000,test,0.6702648401260376,0.7900000214576721,0.25583497189003745,False
5,28,4400,train,0.6198140382766724,0.8038636445999146,0.24521959745148084,False
6,28,4400,train,4.808310031890869,0.10409090667963028,0.0,False
7,28,4400,train,0.6384592056274414,0.7918182015419006,0.24339651442162785,False
8,28,4400,train,4.798965930938721,0.1052272692322731,0.0,False
9,28,4400,train,4.813830852508545,0.10068181902170181,0.0,False
0,28,4600,train,4.766908645629883,0.10499999672174454,0.0,False
1,28,4600,train,0.6282000541687012,0.801086962223053,0.2555087056101104,False
2,28,4600,train,4.834902763366699,0.09739130735397339,0.0,False
3,28,4600,train,4.814455509185791,0.10478261113166809,0.0,False
4,28,4600,train,0.624614953994751,0.8028261065483093,0.2558751825167809,False
5,28,1000,test,0.6595063209533691,0.7960000038146973,0.24521959745148084,False
6,28,1000,test,0.6481217741966248,0.7889999747276306,0.0,False
7,28,1000,test,0.6709291934967041,0.7789999842643738,0.24339651442162785,False
8,28,1000,test,0.653975248336792,0.7850000262260437,0.0,False
9,28,1000,test,0.6901895999908447,0.7839999794960022,0.0,False
0,28,1000,test,0.5894138813018799,0.8059999942779541,0.0,False
1,28,1000,test,0.659294843673706,0.781000018119812,0.2555087056101104,False
2,28,1000,test,0.6330013275146484,0.7860000133514404,0.0,False
3,28,1000,test,0.5998102426528931,0.8230000138282776,0.0,False
4,28,1000,test,0.6487371325492859,0.7879999876022339,0.2558751825167809,False
5,29,4400,train,0.6279692053794861,0.8095454573631287,0.24521127751432817,False
6,29,4400,train,4.561118125915527,0.10340908914804459,0.0,False
7,29,4400,train,0.6467050909996033,0.7986363768577576,0.2433793242536945,False
8,29,4400,train,4.553121566772461,0.10477272421121597,0.0,False
9,29,4400,train,4.566293716430664,0.10068181902170181,0.0,False
0,29,4600,train,4.516688346862793,0.10673913359642029,0.0,False
1,29,4600,train,0.6364829540252686,0.8039130568504333,0.2554869503680571,False
2,29,4600,train,4.5848283767700195,0.09760869294404984,0.0,False
3,29,4600,train,4.567002296447754,0.10521738976240158,0.0,False
4,29,4600,train,0.6322226524353027,0.8086956739425659,0.2559224478639202,False
5,29,1000,test,0.6676889657974243,0.8040000200271606,0.24521127751432817,False
6,29,1000,test,0.6576898097991943,0.7919999957084656,0.0,False
7,29,1000,test,0.6798465847969055,0.781000018119812,0.2433793242536945,False
8,29,1000,test,0.6607607007026672,0.7910000085830688,0.0,False
9,29,1000,test,0.6971704363822937,0.7860000133514404,0.0,False
0,29,1000,test,0.5980637073516846,0.8100000023841858,0.0,False
1,29,1000,test,0.6675645709037781,0.7850000262260437,0.2554869503680571,False
2,29,1000,test,0.6409800052642822,0.7940000295639038,0.0,False
3,29,1000,test,0.6066312193870544,0.824999988079071,0.0,False
4,29,1000,test,0.6594799757003784,0.7919999957084656,0.2559224478639202,False
5,30,4400,train,0.6169469952583313,0.8086363673210144,0.24517326419147442,False
6,30,4400,train,4.674062728881836,0.10409090667963028,0.0,False
7,30,4400,train,0.6349877119064331,0.7972727417945862,0.24340928300810447,False
8,30,4400,train,4.665676593780518,0.10409090667963028,0.0,False
9,30,4400,train,4.678560733795166,0.10068181902170181,0.0,False
0,30,4600,train,4.6295952796936035,0.10673913359642029,0.0,False
1,30,4600,train,0.6243802905082703,0.804347813129425,0.25555765551402243,False
2,30,4600,train,4.697918891906738,0.09739130735397339,0.0,False
3,30,4600,train,4.681524276733398,0.10543478280305862,0.0,False
4,30,4600,train,0.6214245557785034,0.8054347634315491,0.25585979728639857,False
5,30,1000,test,0.6570900678634644,0.8040000200271606,0.24517326419147442,False
6,30,1000,test,0.6455909609794617,0.7929999828338623,0.0,False
7,30,1000,test,0.6686989068984985,0.7820000052452087,0.24340928300810447,False
8,30,1000,test,0.6513292789459229,0.7910000085830688,0.0,False
9,30,1000,test,0.6877536177635193,0.7889999747276306,0.0,False
0,30,1000,test,0.5868842005729675,0.8109999895095825,0.0,False
1,30,1000,test,0.6562735438346863,0.7850000262260437,0.25555765551402243,False
2,30,1000,test,0.6305801868438721,0.7929999828338623,0.0,False
3,30,1000,test,0.5966702103614807,0.8289999961853027,0.0,False
4,30,1000,test,0.6468063592910767,0.7940000295639038,0.25585979728639857,False
5,31,4400,train,0.6068487167358398,0.8097727298736572,0.2451228485401766,False
6,31,4400,train,4.8430376052856445,0.10340908914804459,0.0,False
7,31,4400,train,0.6243919134140015,0.7979545593261719,0.24340751375386746,False
8,31,4400,train,4.835975646972656,0.10431817919015884,0.0,False
9,31,4400,train,4.846586227416992,0.10068181902170181,0.0,False
0,31,4600,train,4.799124240875244,0.10586956888437271,0.0,False
1,31,4600,train,0.6143165230751038,0.8063043355941772,0.255501420441969,False
2,31,4600,train,4.866765022277832,0.0969565212726593,0.0,False
3,31,4600,train,4.852577209472656,0.10565217584371567,0.0,False
4,31,4600,train,0.6097500324249268,0.8050000071525574,0.25596821726398705,False
5,31,1000,test,0.6472713351249695,0.8009999990463257,0.2451228485401766,False
6,31,1000,test,0.6340055465698242,0.7919999957084656,0.0,False
7,31,1000,test,0.6565351486206055,0.7770000100135803,0.24340751375386746,False
8,31,1000,test,0.6407015919685364,0.7829999923706055,0.0,False
9,31,1000,test,0.6795523762702942,0.7889999747276306,0.0,False
0,31,1000,test,0.5758575797080994,0.8149999976158142,0.0,False
1,31,1000,test,0.6471677422523499,0.7860000133514404,0.255501420441969,False
2,31,1000,test,0.6211557984352112,0.7929999828338623,0.0,False
3,31,1000,test,0.5868968963623047,0.8309999704360962,0.0,False
4,31,1000,test,0.6344114542007446,0.7919999957084656,0.25596821726398705,False
5,32,4400,train,0.5991677045822144,0.8138636350631714,0.24518018993919277,False
6,32,4400,train,4.832241535186768,0.10295454412698746,0.0,False
7,32,4400,train,0.6179225444793701,0.8011363744735718,0.24334638337147088,False
8,32,4400,train,4.825723171234131,0.10340908914804459,0.0,False
9,32,4400,train,4.837684154510498,0.10227272659540176,0.0,False
0,32,4600,train,4.78659200668335,0.10804347693920135,0.0,False
1,32,4600,train,0.6067514419555664,0.8102173805236816,0.25554951754028415,False
2,32,4600,train,4.856163024902344,0.09630434960126877,0.0,False
3,32,4600,train,4.8413238525390625,0.10521738976240158,0.0,False
4,32,4600,train,0.603088915348053,0.810869574546814,0.25592390914905216,False
5,32,1000,test,0.6398084759712219,0.8019999861717224,0.24518018993919277,False
6,32,1000,test,0.6278510689735413,0.7960000038146973,0.0,False
7,32,1000,test,0.6506485939025879,0.7820000052452087,0.24334638337147088,False
8,32,1000,test,0.6358911395072937,0.7879999876022339,0.0,False
9,32,1000,test,0.6719041466712952,0.7929999828338623,0.0,False
0,32,1000,test,0.5682359337806702,0.8180000185966492,0.0,False
1,32,1000,test,0.6401805877685547,0.7889999747276306,0.25554951754028415,False
2,32,1000,test,0.6151925921440125,0.7990000247955322,0.0,False
3,32,1000,test,0.578513503074646,0.8289999961853027,0.0,False
4,32,1000,test,0.6311236619949341,0.796999990940094,0.25592390914905216,False
5,33,4400,train,0.5960238575935364,0.8181818127632141,0.24517064301172892,False
6,33,4400,train,4.838005542755127,0.10249999910593033,0.0,False
7,33,4400,train,0.614738941192627,0.8034090995788574,0.24334072372648452,False
8,33,4400,train,4.830574035644531,0.10340908914804459,0.0,False
9,33,4400,train,4.840410232543945,0.10022727400064468,0.0,False
0,33,4600,train,4.7923583984375,0.1082608699798584,0.0,False
1,33,4600,train,0.6039034724235535,0.8093478083610535,0.25550929141044615,False
2,33,4600,train,4.858577251434326,0.09586956351995468,0.0,False
3,33,4600,train,4.847002983093262,0.1063043475151062,0.0,False
4,33,4600,train,0.5993051528930664,0.8121739029884338,0.2559793418513404,False
5,33,1000,test,0.636519730091095,0.8050000071525574,0.24517064301172892,False
6,33,1000,test,0.6266176700592041,0.7929999828338623,0.0,False
7,33,1000,test,0.6466400623321533,0.7850000262260437,0.24334072372648452,False
8,33,1000,test,0.6309057474136353,0.7870000004768372,0.0,False
9,33,1000,test,0.669519305229187,0.7960000038146973,0.0,False
0,33,1000,test,0.5668875575065613,0.8140000104904175,0.0,False
1,33,1000,test,0.6369357705116272,0.7850000262260437,0.25550929141044615,False
2,33,1000,test,0.6135227680206299,0.796999990940094,0.0,False
3,33,1000,test,0.5754629373550415,0.8299999833106995,0.0,False
4,33,1000,test,0.6284782886505127,0.7900000214576721,0.2559793418513404,False
5,34,4400,train,0.5906983613967896,0.8154545426368713,0.24517578920905972,False
6,34,4400,train,4.884469509124756,0.10295454412698746,0.0,False
7,34,4400,train,0.6091882586479187,0.802045464515686,0.24336788814450488,False
8,34,4400,train,4.879493236541748,0.10477272421121597,0.0,False
9,34,4400,train,4.888923645019531,0.10159090906381607,0.0,False
0,34,4600,train,4.8383684158325195,0.10891304165124893,0.0,False
1,34,4600,train,0.5983121991157532,0.8115217685699463,0.25554183985274515,False
2,34,4600,train,4.906569480895996,0.0989130437374115,0.0,False
3,34,4600,train,4.897332191467285,0.10521738976240158,0.0,False
4,34,4600,train,0.5946667790412903,0.8106521964073181,0.2559144827936902,False
5,34,1000,test,0.631449818611145,0.800000011920929,0.24517578920905972,False
6,34,1000,test,0.6207761168479919,0.7910000085830688,0.0,False
7,34,1000,test,0.6423889994621277,0.7799999713897705,0.24336788814450488,False
8,34,1000,test,0.6275267601013184,0.7950000166893005,0.0,False
9,34,1000,test,0.6660024523735046,0.7929999828338623,0.0,False
0,34,1000,test,0.5609689354896545,0.8220000267028809,0.0,False
1,34,1000,test,0.6334827542304993,0.7879999876022339,0.25554183985274515,False
2,34,1000,test,0.6077949404716492,0.8019999861717224,0.0,False
3,34,1000,test,0.5702915787696838,0.8270000219345093,0.0,False
4,34,1000,test,0.6217394471168518,0.7979999780654907,0.2559144827936902,False
5,35,4400,train,0.5982875823974609,0.817727267742157,0.2452266847645795,False
6,35,4400,train,4.659411907196045,0.10159090906381607,0.0,False
7,35,4400,train,0.6179505586624146,0.8077272772789001,0.24330408264089518,False
8,35,4400,train,4.654749870300293,0.10363636165857315,0.0,False
9,35,4400,train,4.662954807281494,0.10249999910593033,0.0,False
0,35,4600,train,4.612194538116455,0.10673913359642029,0.0,False
1,35,4600,train,0.6064183115959167,0.8143478035926819,0.2555422110469253,False
2,35,4600,train,4.679509162902832,0.09782608598470688,0.0,False
3,35,4600,train,4.670369625091553,0.10565217584371567,0.0,False
4,35,4600,train,0.6026538610458374,0.8163043260574341,0.2559270215476001,False
5,35,1000,test,0.6402481198310852,0.8090000152587891,0.2452266847645795,False
6,35,1000,test,0.6306729912757874,0.8009999990463257,0.0,False
7,35,1000,test,0.6504315733909607,0.7889999747276306,0.24330408264089518,False
8,35,1000,test,0.6352724432945251,0.7929999828338623,0.0,False
9,35,1000,test,0.67319655418396,0.7950000166893005,0.0,False
0,35,1000,test,0.5691415071487427,0.8240000009536743,0.0,False
1,35,1000,test,0.6402379274368286,0.7910000085830688,0.2555422110469253,False
2,35,1000,test,0.6162809729576111,0.8069999814033508,0.0,False
3,35,1000,test,0.5776696801185608,0.8309999704360962,0.0,False
4,35,1000,test,0.6316298246383667,0.8019999861717224,0.2559270215476001,False
5,36,4400,train,0.592582643032074,0.8163636326789856,0.24516065328503833,False
6,36,4400,train,4.735779762268066,0.10272727161645889,0.0,False
7,36,4400,train,0.6109403371810913,0.8063636422157288,0.2433656787460233,False
8,36,4400,train,4.731837272644043,0.10386363416910172,0.0,False
9,36,4400,train,4.7394280433654785,0.10090909153223038,0.0,False
0,36,4600,train,4.6912617683410645,0.10891304165124893,0.0,False
1,36,4600,train,0.5999734401702881,0.8132608532905579,0.25554881563598725,False
2,36,4600,train,4.757818222045898,0.09782608598470688,0.0,False
3,36,4600,train,4.749908447265625,0.10478261113166809,0.0,False
4,36,4600,train,0.5962948203086853,0.8123912811279297,0.2559248523329511,False
5,36,1000,test,0.6332905292510986,0.8059999942779541,0.24516065328503833,False
6,36,1000,test,0.6226164102554321,0.796999990940094,0.0,False
7,36,1000,test,0.644730806350708,0.781000018119812,0.2433656787460233,False
8,36,1000,test,0.628896951675415,0.7950000166893005,0.0,False
9,36,1000,test,0.6687350273132324,0.7929999828338623,0.0,False
0,36,1000,test,0.5629476308822632,0.828000009059906,0.0,False
1,36,1000,test,0.6354681253433228,0.7919999957084656,0.25554881563598725,False
2,36,1000,test,0.6115357279777527,0.8029999732971191,0.0,False
3,36,1000,test,0.5730339884757996,0.8320000171661377,0.0,False
4,36,1000,test,0.6250898838043213,0.8009999990463257,0.2559248523329511,False
5,37,4400,train,0.5847285389900208,0.8206818103790283,0.24525923730708937,False
6,37,4400,train,4.7671895027160645,0.10068181902170181,0.0,False
7,37,4400,train,0.6048323512077332,0.8079545497894287,0.2432935312235797,False
8,37,4400,train,4.761847496032715,0.10340908914804459,0.0,False
9,37,4400,train,4.7700419425964355,0.10068181902170181,0.0,False
0,37,4600,train,4.720940589904785,0.10782608389854431,0.0,False
1,37,4600,train,0.5935608148574829,0.8136956691741943,0.2555045295909599,False
2,37,4600,train,4.78647518157959,0.09652174264192581,0.0,False
3,37,4600,train,4.780585289001465,0.10521738976240158,0.0,False
4,37,4600,train,0.5892743468284607,0.8171738982200623,0.25594270187837104,False
5,37,1000,test,0.6271057724952698,0.8059999942779541,0.24525923730708937,False
6,37,1000,test,0.6187207102775574,0.7979999780654907,0.0,False
7,37,1000,test,0.6370406746864319,0.7900000214576721,0.2432935312235797,False
8,37,1000,test,0.6223228573799133,0.796999990940094,0.0,False
9,37,1000,test,0.660206139087677,0.7900000214576721,0.0,False
0,37,1000,test,0.5561440587043762,0.828000009059906,0.0,False
1,37,1000,test,0.6269022822380066,0.7929999828338623,0.2555045295909599,False
2,37,1000,test,0.6058787703514099,0.8050000071525574,0.0,False
3,37,1000,test,0.5640293955802917,0.8360000252723694,0.0,False
4,37,1000,test,0.6177604794502258,0.8019999861717224,0.25594270187837104,False
5,38,4400,train,0.5815569758415222,0.8199999928474426,0.24521060178897996,False
6,38,4400,train,4.784423351287842,0.10227272659540176,0.0,False
7,38,4400,train,0.6007160544395447,0.8102272748947144,0.24333726965939556,False
8,38,4400,train,4.78030252456665,0.10295454412698746,0.0,False
9,38,4400,train,4.786440849304199,0.1013636365532875,0.0,False
0,38,4600,train,4.73947286605835,0.10782608389854431,0.0,False
1,38,4600,train,0.5897454619407654,0.8147826194763184,0.25551949298823323,False
2,38,4600,train,4.804176330566406,0.09782608598470688,0.0,False
3,38,4600,train,4.799529075622559,0.10608695447444916,0.0,False
4,38,4600,train,0.5857038497924805,0.8158695697784424,0.25593263556339124,False
5,38,1000,test,0.6241381764411926,0.8100000023841858,0.24521060178897996,False
6,38,1000,test,0.6140713691711426,0.800000011920929,0.0,False
7,38,1000,test,0.6338173151016235,0.7850000262260437,0.24333726965939556,False
8,38,1000,test,0.6185019016265869,0.7950000166893005,0.0,False
9,38,1000,test,0.6583928465843201,0.7910000085830688,0.0,False
0,38,1000,test,0.553650438785553,0.824999988079071,0.0,False
1,38,1000,test,0.6243321299552917,0.7919999957084656,0.25551949298823323,False
2,38,1000,test,0.603989839553833,0.8059999942779541,0.0,False
3,38,1000,test,0.5615091323852539,0.8299999833106995,0.0,False
4,38,1000,test,0.614999532699585,0.8019999861717224,0.25593263556339124,False
5,39,4400,train,0.5744633078575134,0.822954535484314,0.24525611407668504,False
6,39,4400,train,4.883018493652344,0.10159090906381607,0.0,False
7,39,4400,train,0.5945095419883728,0.8104545474052429,0.24329603785055656,False
8,39,4400,train,4.879095077514648,0.10454545170068741,0.0,False
9,39,4400,train,4.884371757507324,0.10068181902170181,0.0,False
0,39,4600,train,4.8373122215271,0.10869564861059189,0.0,False
1,39,4600,train,0.5826422572135925,0.8158695697784424,0.2555680488833675,False
2,39,4600,train,4.90255880355835,0.09782608598470688,0.0,False
3,39,4600,train,4.897468090057373,0.1063043475151062,0.0,False
4,39,4600,train,0.5795925259590149,0.8180434703826904,0.25587979918939097,False
5,39,1000,test,0.6170676350593567,0.8069999814033508,0.24525611407668504,False
6,39,1000,test,0.6082345843315125,0.8009999990463257,0.0,False
7,39,1000,test,0.6272489428520203,0.7829999923706055,0.24329603785055656,False
8,39,1000,test,0.61468106508255,0.796999990940094,0.0,False
9,39,1000,test,0.6528432965278625,0.7940000295639038,0.0,False
0,39,1000,test,0.5460984110832214,0.824999988079071,0.0,False
1,39,1000,test,0.6194143295288086,0.7919999957084656,0.2555680488833675,False
2,39,1000,test,0.5975706577301025,0.8050000071525574,0.0,False
3,39,1000,test,0.5544251799583435,0.8309999704360962,0.0,False
4,39,1000,test,0.6085180640220642,0.8040000200271606,0.25587979918939097,False
5,40,4400,train,0.5791659951210022,0.8220454454421997,0.24518873574409958,False
6,40,4400,train,4.773622989654541,0.10113636404275894,0.0,False
7,40,4400,train,0.5980691313743591,0.8102272748947144,0.2433404290882158,False
8,40,4400,train,4.769532680511475,0.10409090667963028,0.0,False
9,40,4400,train,4.77337646484375,0.10090909153223038,0.0,False
0,40,4600,train,4.72776460647583,0.10913043469190598,0.0,False
1,40,4600,train,0.5867767333984375,0.8160869479179382,0.2555556916984511,False
2,40,4600,train,4.791536808013916,0.09826087206602097,0.0,False
3,40,4600,train,4.7895097732543945,0.10565217584371567,0.0,False
4,40,4600,train,0.5832603573799133,0.8165217638015747,0.2559151434692336,False
5,40,1000,test,0.6214953064918518,0.8080000281333923,0.24518873574409958,False
6,40,1000,test,0.6135703325271606,0.8009999990463257,0.0,False
7,40,1000,test,0.6311870813369751,0.7860000133514404,0.2433404290882158,False
8,40,1000,test,0.6178316473960876,0.7960000038146973,0.0,False
9,40,1000,test,0.6573320031166077,0.7960000038146973,0.0,False
0,40,1000,test,0.5510734915733337,0.8309999704360962,0.0,False
1,40,1000,test,0.6235154867172241,0.7950000166893005,0.2555556916984511,False
2,40,1000,test,0.6003860831260681,0.8090000152587891,0.0,False
3,40,1000,test,0.5596163272857666,0.8299999833106995,0.0,False
4,40,1000,test,0.6108973622322083,0.8069999814033508,0.2559151434692336,False
